CountyFull,State,County,1953,1957,1961,1962,1963,1964,1966,1967,1969,1970,1972,1973,1975,1976,1977,1978,1979,1980,1981,1982,1984,1985,1986,1989,1990,1991,1992,1994,1995,1996,2002,2011,2013,2014,2015,2018,StateX,StateY,CountyX,CountyY,countyfull2,trimmed
 AL,AL,,0,0,1,0,0,0,0,0,0,0,0,0,0,0,0,0,0,0,0,0,0,0,0,0,0,0,0,0,0,0,0,0,0,0,0,0,-80.8646011,33.8778992,,,AL,
 FL,FL,,1,0,0,1,0,0,0,0,0,0,0,0,0,0,0,0,0,0,0,0,0,0,0,0,0,0,0,0,0,0,0,0,0,0,0,0,-79.1308975,35.526001,,,FL,
 GA,GA,,0,0,1,0,1,1,0,0,0,0,0,0,0,0,0,0,0,0,0,0,0,0,0,0,0,0,0,0,0,0,0,0,0,0,0,0,-86.8444977,32.7569008,,,GA,
 KY,KY,,0,1,0,1,1,1,0,0,0,0,0,0,0,0,0,0,0,0,0,0,0,0,0,0,0,0,0,0,0,0,0,0,0,0,0,0,-89.6533966,32.7128983,,,KY,
 NC,NC,,0,0,0,1,0,1,0,0,0,0,0,0,0,0,0,0,0,0,0,0,0,0,0,0,0,0,0,0,0,0,0,0,0,0,0,0,-83.4271011,32.6385994,,,NC,
 TN,TN,,0,0,0,0,1,0,0,0,0,0,0,0,0,0,0,0,0,0,0,0,0,0,0,0,0,0,0,0,0,0,0,0,0,0,0,0,-85.2906036,37.5265999,,,TN,
Abbeville  SC,SC,Abbeville ,0,0,0,0,0,0,0,0,0,0,0,0,0,0,0,0,0,0,0,0,0,0,0,0,0,0,0,0,0,0,0,0,0,0,1,0,-86.343399,35.8429985,-82.459198,-82.459198,"Abbeville, SC",Abbeville
Aiken  SC,SC,Aiken ,0,0,0,0,0,0,0,0,0,0,0,0,0,0,0,0,0,0,0,0,0,0,0,0,1,0,0,0,0,0,0,0,0,0,1,0,-86.343399,35.8429985,-81.634697,-81.634697,"Aiken, SC",Aiken
Alcona  MI,MI,Alcona ,0,0,0,0,0,0,0,0,0,0,0,0,0,0,0,0,0,0,0,0,0,1,0,0,0,0,0,0,0,0,0,0,0,0,0,0,,,,,"Alcona, MI",Alcona
Allegan  MI,MI,Allegan ,0,0,0,0,0,0,0,0,0,0,0,0,2,0,0,0,0,1,0,0,0,0,1,0,0,0,0,0,0,0,0,0,1,0,0,0,,,,,"Allegan, MI",Allegan
Alleghany  NC,NC,Alleghany ,0,0,0,0,0,0,0,0,0,0,0,0,0,0,0,0,0,0,0,0,0,0,0,0,0,0,0,0,0,0,0,0,1,0,0,0,-83.4271011,32.6385994,-81.1278992,-81.1278992,"Alleghany, NC",Alleghany
Allen  KY,KY,Allen ,0,0,0,0,0,0,0,0,1,0,0,0,1,0,0,0,0,0,0,0,0,0,0,0,0,0,0,0,0,0,0,0,0,0,0,0,-89.6533966,32.7128983,-86.1903992,-86.1903992,"Allen, KY",Allen
Allendale  SC,SC,Allendale ,0,0,0,0,0,0,0,0,0,0,0,0,0,0,0,0,0,0,0,0,0,0,0,0,0,0,0,0,0,0,0,0,0,0,1,0,-86.343399,35.8429985,-81.3582001,-81.3582001,"Allendale, SC",Allendale
Anderson  KY,KY,Anderson ,0,0,0,0,0,0,0,0,0,0,0,0,0,0,0,1,0,0,0,0,0,0,0,1,0,0,0,0,0,0,0,0,0,0,1,0,-89.6533966,32.7128983,-84.9909973,-84.9909973,"Anderson, KY",Anderson
Anderson  SC,SC,Anderson ,0,0,0,0,0,0,0,0,0,0,0,0,0,0,0,0,0,0,0,0,0,0,0,0,0,0,0,0,0,0,0,0,0,0,1,0,-86.343399,35.8429985,-82.6377029,-82.6377029,"Anderson, SC",Anderson
Anderson  TN,TN,Anderson ,0,0,0,0,0,0,0,0,0,0,0,1,0,0,1,0,0,0,0,0,0,0,0,0,1,0,0,0,0,0,0,0,0,0,0,0,-85.2906036,37.5265999,-84.1985016,-84.1985016,"Anderson, TN",Anderson
Appling  GA,GA,Appling ,0,0,0,0,0,0,0,0,0,0,0,0,0,0,0,0,0,0,0,0,0,0,0,0,0,1,0,0,0,0,0,0,0,0,0,0,-86.8444977,32.7569008,-82.2890015,-82.2890015,"Appling, GA",Appling
Arenac  MI,MI,Arenac ,0,0,0,0,0,0,0,0,0,0,1,1,0,0,0,0,0,0,0,0,0,0,1,0,0,0,0,0,0,0,0,0,0,0,0,0,,,,,"Arenac, MI",Arenac
Ashe  NC,NC,Ashe ,0,0,0,0,0,0,0,0,0,0,0,1,0,0,1,0,0,0,0,0,0,0,0,0,0,0,0,0,1,0,0,0,2,0,0,0,-83.4271011,32.6385994,-81.5005035,-81.5005035,"Ashe, NC",Ashe
Atkinson  GA,GA,Atkinson ,0,0,0,0,0,0,0,0,0,0,0,0,0,0,0,0,0,0,0,0,0,0,0,0,0,1,0,0,0,0,0,0,0,0,0,0,-86.8444977,32.7569008,-82.8799973,-82.8799973,"Atkinson, GA",Atkinson
Autauga  AL,AL,Autauga ,0,0,0,0,0,0,0,0,0,0,0,0,0,0,0,0,2,0,0,0,0,0,0,0,0,0,0,0,0,0,0,0,0,0,0,0,-80.8646011,33.8778992,-86.6427002,-86.6427002,"Autauga, AL",Autauga
Avery  NC,NC,Avery ,0,0,0,0,0,0,0,0,0,0,0,0,0,0,1,0,0,0,0,0,0,0,0,0,0,0,0,0,1,0,0,0,2,0,0,0,-83.4271011,32.6385994,-81.9225998,-81.9225998,"Avery, NC",Avery
Bacon  GA,GA,Bacon ,0,0,0,0,0,0,0,0,0,0,0,0,0,0,0,0,0,0,0,0,0,0,0,0,0,1,0,0,0,0,0,0,0,0,0,0,-86.8444977,32.7569008,-82.4526978,-82.4526978,"Bacon, GA",Bacon
Baker  FL,FL,Baker ,0,0,0,0,0,0,0,0,0,0,0,1,0,0,0,0,0,0,0,0,0,0,0,0,0,0,0,0,0,0,0,0,0,0,0,0,-79.1308975,35.526001,-82.2845993,-82.2845993,"Baker, FL",Baker
Baker  GA,GA,Baker ,0,0,0,0,0,0,1,0,0,0,0,0,0,0,0,0,0,0,0,0,0,0,0,0,0,0,0,0,0,0,0,0,0,0,0,0,-86.8444977,32.7569008,-84.4447021,-84.4447021,"Baker, GA",Baker
Baldwin  AL,AL,Baldwin ,0,0,0,0,0,0,0,0,0,0,0,0,0,0,0,1,1,0,0,0,0,0,0,0,0,0,0,0,0,0,0,0,0,0,0,0,-80.8646011,33.8778992,-87.7498016,-87.7498016,"Baldwin, AL",Baldwin
Ballard  KY,KY,Ballard ,0,0,0,0,0,0,0,0,0,0,0,1,1,0,0,0,0,0,0,0,0,0,0,1,0,0,0,0,0,0,0,0,0,0,0,0,-89.6533966,32.7128983,-88.9992981,-88.9992981,"Ballard, KY",Ballard
Bamberg  SC,SC,Bamberg ,0,0,0,0,0,0,0,0,0,0,0,0,0,0,0,0,0,0,0,0,0,0,0,0,0,0,0,0,0,0,0,0,0,0,1,0,-86.343399,35.8429985,-81.0541992,-81.0541992,"Bamberg, SC",Bamberg
Banks  GA,GA,Banks ,0,0,0,0,0,0,0,0,0,0,0,0,0,1,0,0,0,0,0,0,0,0,0,0,0,0,0,0,0,0,0,0,0,0,0,0,-86.8444977,32.7569008,-83.4973984,-83.4973984,"Banks, GA",Banks
Baraga  MI,MI,Baraga ,0,0,0,0,0,0,0,0,0,0,0,0,0,0,0,0,0,0,0,0,0,0,0,0,0,0,0,0,0,0,1,0,1,0,0,0,,,,,"Baraga, MI",Baraga
Barbour  AL,AL,Barbour ,0,0,0,0,0,0,0,0,0,0,0,0,1,0,0,0,0,0,0,0,0,0,0,0,0,0,0,0,0,0,0,0,0,0,0,0,-80.8646011,33.8778992,-85.3932037,-85.3932037,"Barbour, AL",Barbour
Barry  MI,MI,Barry ,0,0,0,0,0,0,0,0,0,0,0,0,1,0,0,0,0,0,0,0,0,0,0,0,0,0,0,0,0,0,0,0,1,0,0,0,,,,,"Barry, MI",Barry
Bath  KY,KY,Bath ,0,0,0,0,0,0,0,0,0,0,0,0,0,0,0,1,0,0,0,0,0,0,0,1,0,0,0,0,0,0,0,0,0,0,2,0,-89.6533966,32.7128983,-83.7426987,-83.7426987,"Bath, KY",Bath
Bay  FL,FL,Bay ,0,0,0,0,0,0,0,0,0,0,0,0,2,0,0,0,0,0,0,0,0,0,0,0,1,0,0,1,0,0,0,0,0,0,0,0,-79.1308975,35.526001,-85.6325989,-85.6325989,"Bay, FL",Bay
Bay  MI,MI,Bay ,0,0,0,0,0,0,0,0,0,0,1,1,0,0,0,0,0,0,0,0,0,1,1,0,0,0,0,0,0,0,0,0,0,0,0,0,,,,,"Bay, MI",Bay
Beaufort  SC,SC,Beaufort ,0,0,0,0,0,0,0,0,0,0,0,0,0,0,0,0,0,0,0,0,0,0,0,0,0,0,0,0,0,0,0,0,0,0,1,0,-86.343399,35.8429985,-80.6921997,-80.6921997,"Beaufort, SC",Beaufort
Bedford  TN,TN,Bedford ,0,0,0,0,0,0,0,0,0,0,0,1,0,0,0,0,0,0,0,0,0,0,0,0,1,0,0,0,0,0,0,0,0,0,0,0,-85.2906036,37.5265999,-86.4589005,-86.4589005,"Bedford, TN",Bedford
Bell  KY,KY,Bell ,0,0,0,0,0,0,0,1,0,1,0,0,1,0,1,0,0,0,0,0,0,0,0,1,0,0,0,0,0,0,0,0,0,0,1,1,-89.6533966,32.7128983,-83.6741028,-83.6741028,"Bell, KY",Bell
Berkeley  SC,SC,Berkeley ,0,0,0,0,0,0,0,0,0,0,0,0,0,0,0,0,0,0,0,0,0,0,0,0,0,0,0,0,0,0,0,0,0,0,1,0,-86.343399,35.8429985,-79.9522018,-79.9522018,"Berkeley, SC",Berkeley
Berrien  GA,GA,Berrien ,0,0,0,0,0,0,0,0,0,0,0,0,0,0,0,0,0,0,0,0,0,0,0,0,0,1,0,0,0,0,0,0,0,0,0,0,-86.8444977,32.7569008,-83.229599,-83.229599,"Berrien, GA",Berrien
Berrien  MI,MI,Berrien ,0,0,0,0,0,0,0,0,0,0,1,1,1,0,0,0,0,1,0,1,0,0,0,0,0,0,0,0,0,0,0,0,0,0,0,0,,,,,"Berrien, MI",Berrien
Bibb  AL,AL,Bibb ,0,0,0,0,0,0,0,0,0,0,0,1,0,0,0,0,0,0,0,0,0,0,0,0,0,0,0,0,0,0,0,0,0,0,0,0,-80.8646011,33.8778992,-87.1264038,-87.1264038,"Bibb, AL",Bibb
Bleckley  GA,GA,Bleckley ,0,0,0,0,0,0,1,0,0,0,0,0,0,0,0,0,0,0,0,0,0,0,0,0,0,0,0,0,0,0,0,0,0,0,0,0,-86.8444977,32.7569008,-83.3277969,-83.3277969,"Bleckley, GA",Bleckley
Bledsoe  TN,TN,Bledsoe ,0,0,0,0,0,0,0,0,0,0,0,2,0,0,0,0,0,0,0,0,0,0,0,0,1,0,0,0,0,0,0,0,0,0,0,0,-85.2906036,37.5265999,-85.2052002,-85.2052002,"Bledsoe, TN",Bledsoe
Blount  AL,AL,Blount ,0,0,0,0,0,0,0,0,0,0,0,0,0,0,1,0,0,0,0,0,0,0,0,0,0,0,0,0,0,0,0,0,0,0,0,0,-80.8646011,33.8778992,-86.5673981,-86.5673981,"Blount, AL",Blount
Blount  TN,TN,Blount ,0,0,0,0,0,0,0,0,0,0,0,1,0,0,0,0,0,0,0,0,0,0,0,0,0,0,0,1,0,0,0,0,0,0,0,0,-85.2906036,37.5265999,-83.925499,-83.925499,"Blount, TN",Blount
Bourbon  KY,KY,Bourbon ,0,0,0,0,0,0,0,0,0,0,0,0,0,0,0,1,0,0,0,0,0,0,0,1,0,0,0,0,0,0,0,0,0,0,2,0,-89.6533966,32.7128983,-84.2171021,-84.2171021,"Bourbon, KY",Bourbon
Boyd  KY,KY,Boyd ,0,0,0,0,0,0,0,1,0,0,0,0,0,0,0,0,0,0,0,0,0,0,0,1,1,0,0,0,0,0,0,0,0,0,1,1,-89.6533966,32.7128983,-82.6876984,-82.6876984,"Boyd, KY",Boyd
Bradley  TN,TN,Bradley ,0,0,0,0,0,0,0,0,0,0,0,1,0,0,0,0,0,0,0,0,0,0,0,0,0,0,0,1,0,0,0,0,0,0,0,0,-85.2906036,37.5265999,-84.8595963,-84.8595963,"Bradley, TN",Bradley
Breathitt  KY,KY,Breathitt ,0,0,0,0,0,0,0,1,0,1,1,0,0,0,1,1,0,0,0,0,0,0,0,2,1,0,0,0,0,0,0,0,0,0,2,1,-89.6533966,32.7128983,-83.3240967,-83.3240967,"Breathitt, KY",Breathitt
Brooks  GA,GA,Brooks ,0,0,0,0,0,0,0,0,0,0,0,0,0,0,0,0,0,0,0,0,0,0,0,0,0,1,0,0,0,0,0,0,0,0,0,0,-86.8444977,32.7569008,-83.5802002,-83.5802002,"Brooks, GA",Brooks
Bryan  GA,GA,Bryan ,0,0,0,0,0,0,1,0,0,0,0,0,0,0,0,0,0,0,0,0,0,0,0,0,0,0,0,0,0,0,0,0,0,0,0,0,-86.8444977,32.7569008,-81.4424973,-81.4424973,"Bryan, GA",Bryan
Bullitt  KY,KY,Bullitt ,0,0,0,0,0,0,0,0,0,1,1,0,0,0,0,1,0,0,0,0,0,0,0,1,0,0,0,0,0,0,0,0,0,0,2,1,-89.6533966,32.7128983,-85.6959,-85.6959,"Bullitt, KY",Bullitt
Bullock  AL,AL,Bullock ,0,0,0,0,0,0,0,0,0,0,0,0,1,0,0,0,0,0,0,0,0,0,0,0,0,0,0,0,0,0,0,0,0,0,0,0,-80.8646011,33.8778992,-85.7156982,-85.7156982,"Bullock, AL",Bullock
Buncombe  NC,NC,Buncombe ,0,0,0,0,0,0,0,0,0,0,0,1,0,0,1,0,0,0,0,0,0,0,0,0,0,0,0,0,0,0,0,0,1,0,0,0,-83.4271011,32.6385994,-82.530098,-82.530098,"Buncombe, NC",Buncombe
Burke  GA,GA,Burke ,0,0,0,0,0,0,0,0,0,0,0,0,0,0,0,0,0,0,0,0,0,0,0,0,1,0,0,0,0,0,0,0,0,0,0,0,-86.8444977,32.7569008,-82.0008011,-82.0008011,"Burke, GA",Burke
Burke  NC,NC,Burke ,0,0,0,0,0,0,0,0,0,0,0,0,0,0,1,0,0,0,0,0,0,0,0,0,0,0,0,0,0,0,0,0,1,0,0,0,-83.4271011,32.6385994,-81.7048035,-81.7048035,"Burke, NC",Burke
Butler  KY,KY,Butler ,0,0,0,0,0,0,0,0,1,0,0,0,0,0,0,0,0,0,0,0,0,0,0,1,0,0,0,0,0,0,0,0,0,0,1,1,-89.6533966,32.7128983,-86.6818008,-86.6818008,"Butler, KY",Butler
Caldwell  KY,KY,Caldwell ,0,0,0,0,0,0,0,0,0,0,0,0,0,0,0,0,0,0,0,0,0,0,0,1,0,0,0,0,0,0,0,0,0,0,0,1,-89.6533966,32.7128983,-87.867897,-87.867897,"Caldwell, KY",Caldwell
Caldwell  NC,NC,Caldwell ,0,0,0,0,0,0,0,0,0,0,0,0,0,0,1,0,0,0,0,0,0,0,0,0,0,0,0,0,0,0,0,0,1,0,0,0,-83.4271011,32.6385994,-81.546402,-81.546402,"Caldwell, NC",Caldwell
Calhoun  FL,FL,Calhoun ,0,0,0,0,0,0,0,0,0,0,0,0,0,0,0,0,0,0,0,0,0,0,0,0,1,0,0,1,0,0,0,0,0,0,0,0,-79.1308975,35.526001,-85.197197,-85.197197,"Calhoun, FL",Calhoun
Calhoun  MI,MI,Calhoun ,0,0,0,0,0,0,0,0,0,0,0,0,1,0,0,0,0,1,0,0,0,0,0,0,0,0,0,0,0,0,0,0,0,0,0,0,,,,,"Calhoun, MI",Calhoun
Calhoun  SC,SC,Calhoun ,0,0,0,0,0,0,0,0,0,0,0,0,0,0,0,0,0,0,0,0,0,0,0,0,1,0,0,0,0,0,0,0,0,0,1,0,-86.343399,35.8429985,-80.7802963,-80.7802963,"Calhoun, SC",Calhoun
Calloway  KY,KY,Calloway ,0,0,0,0,0,0,0,0,0,0,0,0,1,0,0,0,0,0,0,0,0,0,0,0,0,0,0,0,0,0,0,0,0,0,1,0,-89.6533966,32.7128983,-88.2722015,-88.2722015,"Calloway, KY",Calloway
Campbell  KY,KY,Campbell ,0,0,0,0,0,0,0,0,0,0,0,0,0,0,0,0,0,0,0,0,0,0,0,0,0,0,0,0,0,0,0,0,0,0,0,1,-89.6533966,32.7128983,-84.3796997,-84.3796997,"Campbell, KY",Campbell
Campbell  TN,TN,Campbell ,0,0,0,0,0,0,0,0,0,0,1,1,0,0,1,0,0,0,0,0,1,0,0,0,0,0,0,0,0,0,0,0,0,0,0,0,-85.2906036,37.5265999,-84.1493988,-84.1493988,"Campbell, TN",Campbell
Cannon  TN,TN,Cannon ,0,0,0,0,0,0,0,0,0,0,0,1,1,0,0,0,0,0,0,0,0,0,0,0,0,0,0,0,0,0,0,0,0,0,0,0,-85.2906036,37.5265999,-86.0616989,-86.0616989,"Cannon, TN",Cannon
Carlisle  KY,KY,Carlisle ,0,0,0,0,0,0,0,0,0,0,0,1,0,0,0,0,0,0,0,0,0,0,0,1,0,0,0,0,0,0,0,0,0,0,0,1,-89.6533966,32.7128983,-88.9710999,-88.9710999,"Carlisle, KY",Carlisle
Carroll  KY,KY,Carroll ,0,0,0,0,0,0,0,0,0,0,0,0,0,0,0,1,0,0,0,0,0,0,0,1,1,0,0,0,0,0,0,0,0,0,0,1,-89.6533966,32.7128983,-85.1235962,-85.1235962,"Carroll, KY",Carroll
Carroll  TN,TN,Carroll ,0,0,0,0,0,0,0,0,0,0,0,0,1,0,0,0,0,0,0,0,0,0,0,0,0,0,0,0,0,0,0,0,0,0,0,0,-85.2906036,37.5265999,-88.4503021,-88.4503021,"Carroll, TN",Carroll
Carter  KY,KY,Carter ,0,0,0,0,0,0,0,0,0,0,0,0,0,0,0,1,0,0,0,0,0,0,0,1,0,0,0,0,0,0,0,0,0,0,2,1,-89.6533966,32.7128983,-83.0494995,-83.0494995,"Carter, KY",Carter
Carter  TN,TN,Carter ,0,0,0,0,0,0,0,0,0,0,0,1,0,0,1,0,0,0,0,0,1,0,0,0,0,0,0,0,0,0,0,0,0,0,0,0,-85.2906036,37.5265999,-82.1275024,-82.1275024,"Carter, TN",Carter
Casey  KY,KY,Casey ,0,0,0,0,0,0,0,0,0,1,0,0,0,0,0,1,0,0,0,0,0,0,0,1,1,0,0,0,0,0,0,0,0,0,1,0,-89.6533966,32.7128983,-84.9283981,-84.9283981,"Casey, KY",Casey
Cass  MI,MI,Cass ,0,0,0,0,0,0,0,0,0,0,0,0,0,0,0,0,0,1,0,0,0,0,0,0,0,0,0,0,0,0,0,0,0,0,0,0,,,,,"Cass, MI",Cass
Catawba  NC,NC,Catawba ,0,0,0,0,0,0,0,0,0,0,0,0,0,0,1,0,0,0,0,0,0,0,0,0,0,0,0,0,0,0,0,0,1,0,0,0,-83.4271011,32.6385994,-81.2151031,-81.2151031,"Catawba, NC",Catawba
Chambers  AL,AL,Chambers ,0,0,0,0,0,0,0,0,0,0,0,0,0,0,0,0,1,0,0,0,0,0,0,0,0,0,0,0,0,0,0,0,0,0,0,0,-80.8646011,33.8778992,-85.3919983,-85.3919983,"Chambers, AL",Chambers
Charleston  SC,SC,Charleston ,0,0,0,0,0,0,0,0,0,0,0,0,0,0,0,0,0,0,0,0,0,0,0,0,0,0,0,0,0,0,0,0,0,0,1,0,-86.343399,35.8429985,-79.8967972,-79.8967972,"Charleston, SC",Charleston
Charlotte  FL,FL,Charlotte ,0,0,0,0,0,0,0,0,0,0,0,0,0,0,0,0,0,0,0,0,0,0,0,0,0,0,1,0,0,0,0,0,0,0,0,0,-79.1308975,35.526001,-81.9503021,-81.9503021,"Charlotte, FL",Charlotte
Cheatham  TN,TN,Cheatham ,0,0,0,0,0,0,0,0,0,0,0,0,1,0,0,0,0,0,0,0,0,0,0,0,0,1,0,0,0,0,0,0,0,0,0,0,-85.2906036,37.5265999,-87.0867996,-87.0867996,"Cheatham, TN",Cheatham
Cherokee  NC,NC,Cherokee ,0,0,0,0,0,0,0,0,0,0,0,0,0,0,0,0,0,0,0,0,0,0,0,0,0,0,0,0,1,0,0,0,0,0,0,0,-83.4271011,32.6385994,-84.0634003,-84.0634003,"Cherokee, NC",Cherokee
Cherokee  SC,SC,Cherokee ,0,0,0,0,0,0,0,0,0,0,0,0,0,0,0,0,0,0,0,0,0,0,0,0,1,0,0,0,0,0,0,0,0,0,0,0,-86.343399,35.8429985,-81.6203995,-81.6203995,"Cherokee, SC",Cherokee
Chester  TN,TN,Chester ,0,0,0,0,0,0,0,0,0,0,0,0,1,0,0,0,0,0,0,0,0,0,0,0,0,0,0,0,0,0,0,0,0,0,0,0,-85.2906036,37.5265999,-88.6135025,-88.6135025,"Chester, TN",Chester
Chesterfield  SC,SC,Chesterfield ,0,0,0,0,0,0,0,0,0,0,0,0,0,0,0,0,0,0,0,0,0,0,0,0,0,0,0,0,0,0,0,0,0,0,1,0,-86.343399,35.8429985,-80.158699,-80.158699,"Chesterfield, SC",Chesterfield
Chilton  AL,AL,Chilton ,0,0,0,0,0,0,0,0,0,0,0,0,0,0,0,0,2,0,0,0,0,0,0,0,0,0,0,0,0,0,0,0,0,0,0,0,-80.8646011,33.8778992,-86.7188034,-86.7188034,"Chilton, AL",Chilton
Choctaw  AL,AL,Choctaw ,0,0,0,0,0,0,0,0,0,0,0,0,1,0,0,0,2,0,0,0,0,0,0,0,0,0,0,0,0,0,0,0,0,0,0,0,-80.8646011,33.8778992,-88.2631989,-88.2631989,"Choctaw, AL",Choctaw
Christian  KY,KY,Christian ,0,0,0,0,0,0,0,0,0,0,0,0,1,0,0,0,0,0,0,0,0,0,0,1,0,0,0,0,0,0,0,0,0,0,0,0,-89.6533966,32.7128983,-87.4904022,-87.4904022,"Christian, KY",Christian
Claiborne  TN,TN,Claiborne ,0,0,0,0,0,0,0,0,0,0,0,1,0,0,1,0,0,0,0,0,1,0,0,0,0,0,0,0,0,0,0,0,0,0,0,0,-85.2906036,37.5265999,-83.6604004,-83.6604004,"Claiborne, TN",Claiborne
Clare  MI,MI,Clare ,0,0,0,0,0,0,0,0,0,0,0,0,1,0,0,0,0,0,0,0,0,0,1,0,0,0,0,0,0,0,0,0,0,0,0,0,,,,,"Clare, MI",Clare
Clarendon  SC,SC,Clarendon ,0,0,0,0,0,0,0,0,0,0,0,0,0,0,0,0,0,0,0,0,0,0,0,0,0,0,0,0,0,0,0,0,0,0,1,0,-86.343399,35.8429985,-80.2164001,-80.2164001,"Clarendon, SC",Clarendon
Clark  KY,KY,Clark ,0,0,0,0,0,0,0,0,0,0,0,0,0,0,0,1,0,0,0,0,0,0,0,1,0,0,0,0,0,0,0,0,0,0,1,0,-89.6533966,32.7128983,-84.1473999,-84.1473999,"Clark, KY",Clark
Clay  AL,AL,Clay ,0,0,0,0,0,0,0,0,0,0,0,0,0,0,1,0,2,0,0,0,0,0,0,0,0,0,0,0,0,0,0,0,0,0,0,0,-80.8646011,33.8778992,-85.8604965,-85.8604965,"Clay, AL",Clay
Clay  KY,KY,Clay ,0,0,0,0,0,0,0,0,0,2,0,0,0,0,0,0,0,0,0,0,0,0,0,2,0,0,0,0,0,0,0,0,0,0,1,1,-89.6533966,32.7128983,-83.7146988,-83.7146988,"Clay, KY",Clay
Clay  NC,NC,Clay ,0,0,0,0,0,0,0,0,0,0,0,1,0,0,0,0,0,0,0,0,0,0,0,0,0,0,0,0,1,0,0,0,0,0,0,0,-83.4271011,32.6385994,-83.7501984,-83.7501984,"Clay, NC",Clay
Clay  TN,TN,Clay ,0,0,0,0,0,0,0,0,1,0,0,0,1,0,0,0,0,0,0,0,0,0,0,0,0,0,0,0,0,0,0,0,0,0,0,0,-85.2906036,37.5265999,-85.5438995,-85.5438995,"Clay, TN",Clay
Cleburne  AL,AL,Cleburne ,0,0,0,0,0,0,0,0,0,0,0,0,1,0,0,0,1,0,0,0,0,0,0,0,0,0,0,0,0,0,0,0,0,0,0,0,-80.8646011,33.8778992,-85.5187988,-85.5187988,"Cleburne, AL",Cleburne
Clinch  GA,GA,Clinch ,0,0,0,0,0,0,0,0,0,0,0,0,0,0,0,0,0,0,0,0,0,0,0,0,0,1,0,0,0,0,0,0,0,0,0,0,-86.8444977,32.7569008,-82.7061996,-82.7061996,"Clinch, GA",Clinch
Clinton  MI,MI,Clinton ,0,0,0,0,0,0,0,0,0,0,0,0,0,0,0,0,0,0,0,0,0,0,1,0,0,0,0,0,0,0,0,0,0,0,0,0,,,,,"Clinton, MI",Clinton
Cobb  GA,GA,Cobb ,0,0,0,0,0,0,1,0,0,0,0,0,0,0,0,0,0,0,0,0,0,0,0,0,0,0,0,0,0,0,0,0,0,0,0,0,-86.8444977,32.7569008,-84.5766983,-84.5766983,"Cobb, GA",Cobb
Cocke  TN,TN,Cocke ,0,0,0,0,0,0,0,0,0,0,1,1,0,0,1,0,0,0,0,0,1,0,0,0,0,0,0,1,0,0,0,0,0,0,0,0,-85.2906036,37.5265999,-83.1212006,-83.1212006,"Cocke, TN",Cocke
Coffee  AL,AL,Coffee ,0,0,0,0,0,0,0,0,0,0,0,0,2,0,0,0,0,0,0,0,0,0,0,0,0,0,0,0,0,0,0,0,0,0,0,0,-80.8646011,33.8778992,-85.9881973,-85.9881973,"Coffee, AL",Coffee
Coffee  GA,GA,Coffee ,0,0,0,0,0,0,0,0,0,0,0,0,0,0,0,0,0,0,0,0,0,0,0,0,0,1,0,0,0,0,0,0,0,0,0,0,-86.8444977,32.7569008,-82.8491974,-82.8491974,"Coffee, GA",Coffee
Coffee  TN,TN,Coffee ,0,0,0,0,0,0,0,0,0,0,0,2,1,0,0,0,0,0,0,0,0,0,0,0,1,0,0,0,0,0,0,0,0,0,0,0,-85.2906036,37.5265999,-86.0747986,-86.0747986,"Coffee, TN",Coffee
Colbert  AL,AL,Colbert ,0,0,0,0,0,0,0,0,0,0,0,0,0,0,0,0,0,0,0,0,0,0,0,0,1,0,0,0,0,0,0,0,0,0,0,0,-80.8646011,33.8778992,-87.8050003,-87.8050003,"Colbert, AL",Colbert
Colleton  SC,SC,Colleton ,0,0,0,0,0,0,0,0,0,0,0,0,0,0,0,0,0,0,0,0,0,0,0,0,0,0,0,0,0,0,0,0,0,0,1,0,-86.343399,35.8429985,-80.6496964,-80.6496964,"Colleton, SC",Colleton
Columbia  FL,FL,Columbia ,0,0,0,0,0,0,0,0,0,0,0,1,0,0,0,0,0,0,0,0,0,0,0,0,0,0,0,0,0,0,0,0,0,0,0,0,-79.1308975,35.526001,-82.6214981,-82.6214981,"Columbia, FL",Columbia
Columbia  GA,GA,Columbia ,0,0,0,0,0,0,0,0,0,0,0,0,0,0,0,0,0,0,0,0,0,0,0,0,1,0,0,0,0,0,0,0,0,0,0,0,-86.8444977,32.7569008,-82.2640991,-82.2640991,"Columbia, GA",Columbia
Conecuh  AL,AL,Conecuh ,0,0,0,0,0,0,0,0,0,0,0,0,1,0,0,0,0,0,0,0,0,0,0,0,0,0,0,0,0,0,0,0,0,0,0,0,-80.8646011,33.8778992,-86.9936981,-86.9936981,"Conecuh, AL",Conecuh
Coosa  AL,AL,Coosa ,0,0,0,0,0,0,0,0,0,0,0,0,0,0,0,0,2,0,0,0,0,0,0,0,0,0,0,0,0,0,0,0,0,0,0,0,-80.8646011,33.8778992,-86.2477036,-86.2477036,"Coosa, AL",Coosa
Covington  AL,AL,Covington ,0,0,0,0,0,0,0,0,0,0,0,0,1,0,0,0,0,0,0,0,0,0,0,0,0,0,0,0,0,0,0,0,0,0,0,0,-80.8646011,33.8778992,-86.4512024,-86.4512024,"Covington, AL",Covington
Crawford  GA,GA,Crawford ,0,0,0,0,0,0,1,0,0,0,0,0,0,0,0,0,0,0,0,0,0,0,0,0,0,0,0,0,0,0,0,0,0,0,0,0,-86.8444977,32.7569008,-83.9862976,-83.9862976,"Crawford, GA",Crawford
Crawford  MI,MI,Crawford ,0,0,0,0,0,0,0,0,0,0,0,0,1,0,0,0,0,0,0,0,0,0,0,0,0,0,0,0,0,0,0,0,0,0,0,0,,,,,"Crawford, MI",Crawford
Crenshaw  AL,AL,Crenshaw ,0,0,0,0,0,0,0,0,0,0,0,0,1,0,0,0,0,0,0,0,0,0,0,0,0,0,0,0,0,0,0,0,0,0,0,0,-80.8646011,33.8778992,-86.3134995,-86.3134995,"Crenshaw, AL",Crenshaw
Crittenden  KY,KY,Crittenden ,0,0,0,0,0,0,0,0,0,0,0,0,0,0,0,0,0,0,0,0,0,0,0,0,0,0,0,0,0,0,0,0,0,0,0,1,-89.6533966,32.7128983,-88.0971985,-88.0971985,"Crittenden, KY",Crittenden
Cullman  AL,AL,Cullman ,0,0,0,0,0,0,0,0,0,0,0,1,1,0,0,0,0,0,0,0,0,0,0,0,1,0,0,0,0,0,0,0,0,0,0,0,-80.8646011,33.8778992,-86.8675995,-86.8675995,"Cullman, AL",Cullman
Cumberland  KY,KY,Cumberland ,0,0,0,0,0,0,0,0,1,0,0,0,0,0,0,0,0,0,0,0,0,0,0,0,0,0,0,0,0,0,0,0,0,0,0,0,-89.6533966,32.7128983,-85.3884964,-85.3884964,"Cumberland, KY",Cumberland
Cumberland  TN,TN,Cumberland ,0,0,0,0,0,0,0,0,1,0,0,1,1,0,0,0,0,0,0,0,0,0,0,0,1,0,0,0,0,0,0,0,0,0,0,0,-85.2906036,37.5265999,-84.9983978,-84.9983978,"Cumberland, TN",Cumberland
Dale  AL,AL,Dale ,0,0,0,0,0,0,0,0,0,0,0,0,2,0,0,0,0,0,0,0,0,0,0,0,0,0,0,0,0,0,0,0,0,0,0,0,-80.8646011,33.8778992,-85.6110001,-85.6110001,"Dale, AL",Dale
Dallas  AL,AL,Dallas ,0,0,0,0,0,0,0,0,0,0,0,0,1,0,0,0,1,0,0,0,0,0,0,0,0,0,0,0,0,0,0,0,0,0,0,0,-80.8646011,33.8778992,-87.1064987,-87.1064987,"Dallas, AL",Dallas
Darlington  SC,SC,Darlington ,0,0,0,0,0,0,0,0,0,0,0,0,0,0,0,0,0,0,0,0,0,0,0,0,1,0,0,0,0,0,0,0,0,0,1,0,-86.343399,35.8429985,-79.9577026,-79.9577026,"Darlington, SC",Darlington
Davidson  TN,TN,Davidson ,0,0,0,0,0,0,0,0,0,0,0,0,1,0,0,0,0,0,0,0,0,0,0,0,0,0,0,0,0,0,0,0,0,0,0,0,-85.2906036,37.5265999,-86.7847977,-86.7847977,"Davidson, TN",Davidson
Daviess  KY,KY,Daviess ,0,0,0,0,0,0,0,0,0,0,0,0,0,0,0,0,0,0,0,0,0,0,0,0,0,0,0,0,0,0,0,0,0,0,1,0,-89.6533966,32.7128983,-87.0871964,-87.0871964,"Daviess, KY",Daviess
Decatur  GA,GA,Decatur ,0,0,0,0,0,0,1,0,0,0,0,0,0,0,0,0,0,0,0,0,0,0,0,0,0,0,0,0,0,0,0,0,0,0,0,0,-86.8444977,32.7569008,-84.5791016,-84.5791016,"Decatur, GA",Decatur
Decatur  TN,TN,Decatur ,0,0,0,0,0,0,0,0,0,0,0,0,1,0,0,0,0,0,0,0,0,0,0,0,0,0,0,0,0,0,0,0,0,0,0,0,-85.2906036,37.5265999,-88.1088028,-88.1088028,"Decatur, TN",Decatur
DeKalb  AL,AL,DeKalb ,0,0,0,0,0,0,0,0,0,0,0,1,0,0,1,0,1,0,0,0,0,0,0,0,0,0,0,0,0,0,0,0,0,0,0,0,-80.8646011,33.8778992,-85.8041,-85.8041,"DeKalb, AL",DeKalb
DeKalb  TN,TN,DeKalb ,0,0,0,0,0,0,0,0,0,0,0,0,1,0,0,0,0,0,0,0,0,0,0,0,0,0,0,0,0,0,0,0,0,0,0,0,-85.2906036,37.5265999,-85.8327026,-85.8327026,"DeKalb, TN",DeKalb
DeSoto  FL,FL,DeSoto ,0,0,0,0,0,0,0,0,0,0,0,0,0,0,0,0,0,0,0,1,0,0,0,0,0,0,1,0,0,0,0,0,0,0,0,0,-79.1308975,35.526001,-81.8094025,-81.8094025,"DeSoto, FL",DeSoto
Dickson  TN,TN,Dickson ,0,0,0,0,0,0,0,0,0,0,0,0,0,0,0,0,0,0,0,0,0,0,0,0,0,1,0,0,0,0,0,0,0,0,0,0,-85.2906036,37.5265999,-87.3566971,-87.3566971,"Dickson, TN",Dickson
Dillon  SC,SC,Dillon ,0,0,0,0,0,0,0,0,0,0,0,0,0,0,0,0,0,0,0,0,0,0,0,0,0,0,0,0,0,1,0,0,0,0,1,0,-86.343399,35.8429985,-79.3788986,-79.3788986,"Dillon, SC",Dillon
Dixie  FL,FL,Dixie ,0,0,0,0,0,0,0,0,0,0,0,1,0,0,0,0,0,0,0,0,0,0,0,0,0,0,0,0,0,0,0,0,0,0,0,0,-79.1308975,35.526001,-83.1869965,-83.1869965,"Dixie, FL",Dixie
Dorchester  SC,SC,Dorchester ,0,0,0,0,0,0,0,0,0,0,0,0,0,0,0,0,0,0,0,0,0,0,0,0,0,0,0,0,0,0,0,0,0,0,1,0,-86.343399,35.8429985,-80.4067001,-80.4067001,"Dorchester, SC",Dorchester
Dougherty  GA,GA,Dougherty ,0,0,0,0,0,0,1,0,0,0,0,0,0,0,0,0,0,0,0,0,0,0,0,0,0,0,0,0,0,0,0,0,0,0,0,0,-86.8444977,32.7569008,-84.216301,-84.216301,"Dougherty, GA",Dougherty
Dyer  TN,TN,Dyer ,0,0,0,0,0,0,0,0,0,0,0,1,1,0,0,0,0,0,0,0,0,0,0,0,1,0,0,0,0,0,0,1,0,0,0,0,-85.2906036,37.5265999,-89.4138031,-89.4138031,"Dyer, TN",Dyer
Eastern Band of Cherokee Indians of North Carolina NC,NC,Eastern Band of Cherokee Indians of North Carolina,0,0,0,0,0,0,0,0,0,0,0,0,0,0,0,0,0,0,0,0,0,0,0,0,0,0,0,0,0,0,0,0,1,0,0,0,-83.4271011,32.6385994,,,"Eastern Band of Cherokee Indians of North Carolina, NC",Eastern Band of Cherokee Indians of North Carolina
Eaton  MI,MI,Eaton ,0,0,0,0,0,0,0,0,0,0,0,0,1,0,0,0,0,0,0,0,0,0,0,0,0,0,0,0,0,0,0,0,0,0,0,0,,,,,"Eaton, MI",Eaton
Edgefield  SC,SC,Edgefield ,0,0,0,0,0,0,0,0,0,0,0,0,0,0,0,0,0,0,0,0,0,0,0,0,1,0,0,0,0,0,0,0,0,0,0,0,-86.343399,35.8429985,-81.9664001,-81.9664001,"Edgefield, SC",Edgefield
Edmonson  KY,KY,Edmonson ,0,0,0,0,0,0,0,0,0,0,0,0,0,0,0,0,0,0,0,0,0,0,0,1,0,0,0,0,0,0,0,0,0,0,0,0,-89.6533966,32.7128983,-86.2386017,-86.2386017,"Edmonson, KY",Edmonson
Elliott  KY,KY,Elliott ,0,0,0,0,0,0,0,0,0,0,0,0,0,0,0,0,0,0,0,0,0,0,0,1,0,0,0,0,0,0,0,0,0,0,2,0,-89.6533966,32.7128983,-83.0976028,-83.0976028,"Elliott, KY",Elliott
Elmore  AL,AL,Elmore ,0,0,0,0,0,0,0,0,0,0,0,0,1,0,0,0,1,0,0,0,0,0,0,0,0,0,0,0,0,0,0,0,0,0,0,0,-80.8646011,33.8778992,-86.1491013,-86.1491013,"Elmore, AL",Elmore
Emanuel  GA,GA,Emanuel ,0,0,0,0,0,0,0,0,0,0,0,0,0,0,0,0,0,0,0,0,0,0,0,0,1,0,0,0,0,0,0,0,0,0,0,0,-86.8444977,32.7569008,-82.3016968,-82.3016968,"Emanuel, GA",Emanuel
Escambia  AL,AL,Escambia ,0,0,0,0,0,0,0,0,0,0,0,0,1,0,0,0,0,0,0,0,0,0,0,0,0,0,0,0,0,0,0,0,0,0,0,0,-80.8646011,33.8778992,-87.1615982,-87.1615982,"Escambia, AL",Escambia
Escambia  FL,FL,Escambia ,0,0,0,0,0,0,0,0,0,1,0,0,0,0,0,0,1,0,0,0,0,0,0,0,1,0,0,1,0,0,0,0,0,0,0,0,-79.1308975,35.526001,-87.3414001,-87.3414001,"Escambia, FL",Escambia
Estill  KY,KY,Estill ,0,0,0,0,0,0,0,0,0,0,0,0,0,0,0,1,0,0,0,0,0,0,0,0,0,0,0,0,0,0,0,0,0,0,2,1,-89.6533966,32.7128983,-83.9643021,-83.9643021,"Estill, KY",Estill
Etowah  AL,AL,Etowah ,0,0,0,0,0,0,0,0,0,0,0,1,0,0,1,0,1,0,0,0,0,0,0,0,0,0,0,0,0,0,0,0,0,0,0,0,-80.8646011,33.8778992,-86.0347977,-86.0347977,"Etowah, AL",Etowah
Fairfield  SC,SC,Fairfield ,0,0,0,0,0,0,0,0,0,0,0,0,0,0,0,0,0,0,0,0,0,0,0,0,0,0,0,0,0,0,0,0,0,0,1,0,-86.343399,35.8429985,-81.1212006,-81.1212006,"Fairfield, SC",Fairfield
Fayette  AL,AL,Fayette ,0,0,0,0,0,0,0,0,0,0,0,0,0,0,0,0,1,0,0,0,0,0,0,0,0,0,0,0,0,0,0,0,0,0,0,0,-80.8646011,33.8778992,-87.7388992,-87.7388992,"Fayette, AL",Fayette
Fayette  KY,KY,Fayette ,0,0,0,0,0,0,0,0,0,0,0,0,0,0,0,1,0,0,0,0,0,0,0,1,0,0,0,0,0,0,0,0,0,0,0,0,-89.6533966,32.7128983,-84.4587021,-84.4587021,"Fayette, KY",Fayette
Fentress  TN,TN,Fentress ,0,0,0,0,0,0,0,0,0,0,0,0,0,0,0,0,0,0,0,0,0,0,0,0,1,0,0,0,0,0,0,0,0,0,0,0,-85.2906036,37.5265999,-84.9325027,-84.9325027,"Fentress, TN",Fentress
Fleming  KY,KY,Fleming ,0,0,0,0,0,0,0,0,0,0,0,0,0,0,0,1,0,0,0,0,0,0,0,1,0,0,0,0,0,0,0,0,0,0,1,0,-89.6533966,32.7128983,-83.6966019,-83.6966019,"Fleming, KY",Fleming
Florence  SC,SC,Florence ,0,0,0,0,0,0,0,0,0,0,0,0,0,0,0,0,0,0,0,0,0,0,0,0,1,0,0,0,0,0,0,0,0,0,1,0,-86.343399,35.8429985,-79.7030029,-79.7030029,"Florence, SC",Florence
Floyd  GA,GA,Floyd ,0,0,0,0,0,0,1,0,0,0,0,0,0,0,0,0,1,0,0,0,0,0,0,0,0,0,0,0,0,0,0,0,0,0,0,0,-86.8444977,32.7569008,-85.2143021,-85.2143021,"Floyd, GA",Floyd
Floyd  KY,KY,Floyd ,0,0,0,0,0,0,0,1,0,0,1,0,0,0,1,0,0,0,0,0,0,0,0,3,0,0,0,0,0,0,0,0,0,0,2,1,-89.6533966,32.7128983,-82.745697,-82.745697,"Floyd, KY",Floyd
Franklin  AL,AL,Franklin ,0,0,0,0,0,0,0,0,0,0,0,0,0,0,0,0,0,0,0,0,0,0,0,0,1,0,0,0,0,0,0,0,0,0,0,0,-80.8646011,33.8778992,-87.8438034,-87.8438034,"Franklin, AL",Franklin
Franklin  FL,FL,Franklin ,0,0,0,0,0,0,0,0,0,0,0,0,0,0,0,0,0,0,0,0,0,0,0,0,0,0,0,1,0,0,0,0,0,0,0,0,-79.1308975,35.526001,-84.800499,-84.800499,"Franklin, FL",Franklin
Franklin  GA,GA,Franklin ,0,0,0,0,0,0,0,0,0,0,0,0,0,1,0,0,0,0,0,0,0,0,0,0,0,0,0,0,0,0,0,0,0,0,0,0,-86.8444977,32.7569008,-83.2292023,-83.2292023,"Franklin, GA",Franklin
Franklin  KY,KY,Franklin ,0,0,0,0,0,0,0,0,0,0,1,0,0,0,0,1,0,0,0,0,0,0,0,1,0,0,0,0,0,0,0,0,0,0,2,0,-89.6533966,32.7128983,-84.8770981,-84.8770981,"Franklin, KY",Franklin
Franklin  TN,TN,Franklin ,0,0,0,0,0,0,0,0,0,0,0,1,0,0,0,0,0,0,0,0,0,0,0,0,1,0,0,0,0,0,0,0,0,0,0,0,-85.2906036,37.5265999,-86.0922012,-86.0922012,"Franklin, TN",Franklin
Fulton  KY,KY,Fulton ,0,0,0,0,0,0,0,0,0,0,0,1,1,0,0,0,0,0,0,0,0,0,0,0,1,0,0,0,0,0,0,0,0,0,1,1,-89.6533966,32.7128983,-89.1875992,-89.1875992,"Fulton, KY",Fulton
Gadsden  FL,FL,Gadsden ,0,0,0,0,0,0,0,0,0,0,0,0,0,0,0,0,0,0,0,0,0,0,0,0,1,0,0,1,0,0,0,0,0,0,0,0,-79.1308975,35.526001,-84.6136017,-84.6136017,"Gadsden, FL",Gadsden
Gallatin  KY,KY,Gallatin ,0,0,0,0,0,0,0,0,0,0,0,0,0,0,0,0,0,0,0,0,0,0,0,0,0,0,0,0,0,0,0,0,0,0,1,1,-89.6533966,32.7128983,-84.8592987,-84.8592987,"Gallatin, KY",Gallatin
Genesee  MI,MI,Genesee ,0,0,0,0,0,0,0,0,0,0,0,0,2,0,0,0,0,0,0,0,0,1,1,0,0,0,0,0,0,0,0,0,0,0,0,0,,,,,"Genesee, MI",Genesee
Geneva  AL,AL,Geneva ,0,0,0,0,0,0,0,0,0,0,0,0,2,0,0,0,0,0,0,0,0,0,0,0,0,0,0,0,0,0,0,0,0,0,0,0,-80.8646011,33.8778992,-85.8389969,-85.8389969,"Geneva, AL",Geneva
Georgetown  SC,SC,Georgetown ,0,0,0,0,0,0,0,0,0,0,0,0,0,0,0,0,0,0,0,0,0,0,0,0,0,0,0,0,0,1,0,0,0,0,1,0,-86.343399,35.8429985,-79.299202,-79.299202,"Georgetown, SC",Georgetown
Gibson  TN,TN,Gibson ,0,0,0,0,0,0,0,0,0,0,0,0,1,0,0,0,0,0,0,1,0,0,0,0,1,0,0,0,0,0,0,0,0,0,0,0,-85.2906036,37.5265999,-88.9326019,-88.9326019,"Gibson, TN",Gibson
Gilchrist  FL,FL,Gilchrist ,0,0,0,0,0,0,0,0,0,0,0,1,0,0,0,0,0,0,0,0,0,0,0,0,0,0,0,0,0,0,0,0,0,0,0,0,-79.1308975,35.526001,-82.8003998,-82.8003998,"Gilchrist, FL",Gilchrist
Giles  TN,TN,Giles ,0,0,0,0,0,0,0,0,0,0,0,1,1,0,0,0,0,0,0,0,0,0,0,0,0,0,0,0,0,0,0,0,0,0,0,0,-85.2906036,37.5265999,-87.0347977,-87.0347977,"Giles, TN",Giles
Gilmer  GA,GA,Gilmer ,0,0,0,0,0,0,0,0,0,0,0,0,0,0,0,0,1,0,0,0,0,0,0,0,0,0,0,0,0,0,0,0,0,0,0,0,-86.8444977,32.7569008,-84.4555969,-84.4555969,"Gilmer, GA",Gilmer
Gladwin  MI,MI,Gladwin ,0,0,0,0,0,0,0,0,0,0,0,0,0,0,0,0,0,0,0,0,0,0,1,0,0,0,0,0,0,0,0,0,0,0,0,0,,,,,"Gladwin, MI",Gladwin
Gogebic  MI,MI,Gogebic ,0,0,0,0,0,0,0,0,0,0,0,0,0,0,0,0,0,0,0,0,0,0,0,0,0,0,0,0,0,0,1,0,1,0,0,1,,,,,"Gogebic, MI",Gogebic
Graham  NC,NC,Graham ,0,0,0,0,0,0,0,0,0,0,0,0,0,0,0,0,0,0,0,0,0,0,0,0,0,0,0,0,1,0,0,0,0,0,0,0,-83.4271011,32.6385994,-83.8336029,-83.8336029,"Graham, NC",Graham
Grainger  TN,TN,Grainger ,0,0,0,0,0,0,0,0,0,0,0,1,0,0,0,0,0,0,0,0,1,0,0,0,0,0,0,1,0,0,0,0,0,0,0,0,-85.2906036,37.5265999,-83.5095978,-83.5095978,"Grainger, TN",Grainger
Grant  KY,KY,Grant ,0,0,0,0,0,0,0,0,0,0,0,0,0,0,0,0,0,0,0,0,0,0,0,0,0,0,0,0,0,0,0,0,0,0,1,1,-89.6533966,32.7128983,-84.6246033,-84.6246033,"Grant, KY",Grant
Gratiot  MI,MI,Gratiot ,0,0,0,0,0,0,0,0,0,0,0,0,1,0,0,0,0,0,0,0,0,1,1,0,0,0,0,0,0,0,0,0,0,0,0,0,,,,,"Gratiot, MI",Gratiot
Graves  KY,KY,Graves ,0,0,0,0,0,0,0,0,0,0,0,0,1,0,0,0,0,0,0,0,0,0,0,1,0,0,0,0,0,0,0,0,0,0,0,1,-89.6533966,32.7128983,-88.6511993,-88.6511993,"Graves, KY",Graves
Grayson  KY,KY,Grayson ,0,0,0,0,0,0,0,0,0,0,0,0,0,0,0,0,0,0,0,0,0,0,0,1,0,0,0,0,0,0,0,0,0,0,0,0,-89.6533966,32.7128983,-86.3439026,-86.3439026,"Grayson, KY",Grayson
Greene  AL,AL,Greene ,0,0,0,0,0,0,0,0,0,0,0,0,0,0,0,0,1,0,0,0,0,0,0,0,0,0,0,0,0,0,0,0,0,0,0,0,-80.8646011,33.8778992,-87.9522018,-87.9522018,"Greene, AL",Greene
Greene  TN,TN,Greene ,0,0,0,0,0,0,0,0,0,0,0,1,0,0,1,0,0,0,0,0,0,0,0,0,0,0,0,0,0,0,0,0,0,0,0,0,-85.2906036,37.5265999,-82.8458023,-82.8458023,"Greene, TN",Greene
Greenup  KY,KY,Greenup ,0,0,0,0,0,0,0,1,0,0,0,0,0,0,0,0,0,0,0,0,0,0,0,1,0,0,0,0,0,0,0,0,0,0,1,1,-89.6533966,32.7128983,-82.9223022,-82.9223022,"Greenup, KY",Greenup
Greenville  SC,SC,Greenville ,0,0,0,0,0,0,0,0,0,0,0,0,0,0,0,0,0,0,0,0,0,0,0,0,0,0,0,0,0,0,0,0,0,0,1,0,-86.343399,35.8429985,-82.370697,-82.370697,"Greenville, SC",Greenville
Greenwood  SC,SC,Greenwood ,0,0,0,0,0,0,0,0,0,0,0,0,0,0,0,0,0,0,0,0,0,0,0,0,0,0,0,0,0,0,0,0,0,0,1,0,-86.343399,35.8429985,-82.1259003,-82.1259003,"Greenwood, SC",Greenwood
Grundy  TN,TN,Grundy ,0,0,0,0,0,0,0,0,0,0,0,2,0,0,0,0,0,0,0,0,0,0,0,0,1,0,0,0,0,0,0,0,0,0,0,0,-85.2906036,37.5265999,-85.7226028,-85.7226028,"Grundy, TN",Grundy
Gulf  FL,FL,Gulf ,0,0,0,0,0,0,0,0,0,0,0,0,2,0,0,0,0,0,0,0,0,0,0,0,1,0,0,1,0,0,0,0,0,0,0,0,-79.1308975,35.526001,-85.2610016,-85.2610016,"Gulf, FL",Gulf
Habersham  GA,GA,Habersham ,0,0,0,0,0,0,0,0,0,0,0,0,0,1,0,0,0,0,0,0,0,0,0,0,0,0,0,0,0,0,0,0,0,0,0,0,-86.8444977,32.7569008,-83.5310974,-83.5310974,"Habersham, GA",Habersham
Hale  AL,AL,Hale ,0,0,0,0,0,0,0,0,0,0,0,1,0,0,0,0,1,0,0,0,0,0,0,0,0,0,0,0,0,0,0,0,0,0,0,0,-80.8646011,33.8778992,-87.629097,-87.629097,"Hale, AL",Hale
Hall  GA,GA,Hall ,0,0,0,0,0,0,1,0,0,0,0,0,0,1,0,0,0,0,0,0,0,0,0,0,0,0,0,0,0,0,0,0,0,0,0,0,-86.8444977,32.7569008,-83.8197021,-83.8197021,"Hall, GA",Hall
Hamblen  TN,TN,Hamblen ,0,0,0,0,0,0,0,0,0,0,0,1,0,0,0,0,0,0,0,0,0,0,0,0,0,0,0,1,0,0,0,0,0,0,0,0,-85.2906036,37.5265999,-83.2667007,-83.2667007,"Hamblen, TN",Hamblen
Hamilton  FL,FL,Hamilton ,0,0,0,0,0,0,0,0,0,0,0,1,0,0,0,0,0,0,0,0,0,0,0,0,0,0,0,0,0,0,0,0,0,0,0,0,-79.1308975,35.526001,-82.947998,-82.947998,"Hamilton, FL",Hamilton
Hamilton  TN,TN,Hamilton ,0,0,0,0,0,0,0,0,0,0,0,1,0,0,0,0,0,0,0,1,0,0,0,0,1,0,0,1,0,0,0,0,0,0,0,0,-85.2906036,37.5265999,-85.1648026,-85.1648026,"Hamilton, TN",Hamilton
Hancock  KY,KY,Hancock ,0,0,0,0,0,0,0,0,0,0,0,0,0,0,0,0,0,0,0,0,0,0,0,0,0,0,0,0,0,0,0,0,0,0,1,1,-89.6533966,32.7128983,-86.7779007,-86.7779007,"Hancock, KY",Hancock
Hancock  TN,TN,Hancock ,0,0,0,0,0,0,0,0,0,0,0,1,0,0,1,0,0,0,0,0,1,0,0,0,0,0,0,0,0,0,0,0,0,0,0,0,-85.2906036,37.5265999,-83.2218018,-83.2218018,"Hancock, TN",Hancock
Hardeman  TN,TN,Hardeman ,0,0,0,0,0,0,0,0,0,0,0,0,1,0,0,0,0,0,0,0,0,0,0,0,0,0,0,0,0,0,0,0,0,0,0,0,-85.2906036,37.5265999,-88.993103,-88.993103,"Hardeman, TN",Hardeman
Hardin  KY,KY,Hardin ,0,0,0,0,0,0,0,0,0,1,0,0,0,0,0,1,0,0,0,0,0,0,0,1,0,0,0,0,0,0,0,0,0,0,0,1,-89.6533966,32.7128983,-85.9634018,-85.9634018,"Hardin, KY",Hardin
Hardin  TN,TN,Hardin ,0,0,0,0,0,0,0,0,0,0,0,1,0,0,0,0,0,0,0,0,0,0,0,0,1,1,0,0,0,0,0,0,0,0,0,0,-85.2906036,37.5265999,-88.1845016,-88.1845016,"Hardin, TN",Hardin
Harlan  KY,KY,Harlan ,0,0,0,0,0,0,0,1,0,2,0,0,0,0,1,0,0,0,0,0,0,0,0,0,0,0,0,0,0,0,0,0,0,0,1,1,-89.6533966,32.7128983,-83.2179031,-83.2179031,"Harlan, KY",Harlan
Harrison  KY,KY,Harrison ,0,0,0,0,0,0,0,0,0,0,0,0,0,0,0,1,0,0,0,0,0,0,0,1,0,0,0,0,0,0,0,0,0,0,1,0,-89.6533966,32.7128983,-84.331398,-84.331398,"Harrison, KY",Harrison
Hart  KY,KY,Hart ,0,0,0,0,0,0,0,0,0,0,0,0,0,0,0,0,0,0,0,0,0,0,0,1,0,0,0,0,0,0,0,0,0,0,1,0,-89.6533966,32.7128983,-85.884697,-85.884697,"Hart, KY",Hart
Hawkins  TN,TN,Hawkins ,0,0,0,0,0,0,0,0,0,0,0,1,0,0,0,0,0,0,0,0,0,0,0,0,0,0,0,1,0,0,0,0,0,0,0,0,-85.2906036,37.5265999,-82.9447021,-82.9447021,"Hawkins, TN",Hawkins
Haywood  NC,NC,Haywood ,0,0,0,0,0,0,0,0,0,0,0,1,0,0,1,0,0,0,0,0,0,0,0,0,0,0,0,0,1,0,0,0,0,0,0,0,-83.4271011,32.6385994,-82.9822006,-82.9822006,"Haywood, NC",Haywood
Henderson  KY,KY,Henderson ,0,0,0,0,0,0,0,0,0,0,0,0,0,0,0,0,0,0,0,0,0,0,0,0,0,0,0,0,0,0,0,0,0,0,0,1,-89.6533966,32.7128983,-87.5731964,-87.5731964,"Henderson, KY",Henderson
Henderson  NC,NC,Henderson ,0,0,0,0,0,0,0,0,0,0,0,0,0,0,1,0,0,0,0,0,0,0,0,0,0,0,0,0,0,0,0,0,0,0,0,0,-83.4271011,32.6385994,-82.4798965,-82.4798965,"Henderson, NC",Henderson
Henderson  TN,TN,Henderson ,0,0,0,0,0,0,0,0,0,0,0,0,1,0,0,0,0,0,0,0,0,0,0,0,0,0,0,0,0,0,0,0,0,0,0,0,-85.2906036,37.5265999,-88.3880005,-88.3880005,"Henderson, TN",Henderson
Hendry  FL,FL,Hendry ,0,0,0,0,0,0,0,0,0,0,0,0,0,0,0,0,0,0,0,1,0,0,0,0,0,0,0,0,0,0,0,0,0,0,0,0,-79.1308975,35.526001,-81.1659012,-81.1659012,"Hendry, FL",Hendry
Henry  KY,KY,Henry ,0,0,0,0,0,0,0,0,0,0,0,0,0,0,0,1,0,0,0,0,0,0,0,1,0,0,0,0,0,0,0,0,0,0,0,1,-89.6533966,32.7128983,-85.1188965,-85.1188965,"Henry, KY",Henry
Henry  TN,TN,Henry ,0,0,0,0,0,0,0,0,0,0,0,0,1,0,0,0,0,0,0,0,0,0,0,0,0,0,0,0,0,0,0,0,0,0,0,0,-85.2906036,37.5265999,-88.3012009,-88.3012009,"Henry, TN",Henry
Hernando  FL,FL,Hernando ,0,0,0,0,0,0,0,0,0,0,0,0,0,0,0,0,1,0,0,0,0,0,0,0,0,0,0,0,0,0,0,0,0,0,0,0,-79.1308975,35.526001,-82.4684982,-82.4684982,"Hernando, FL",Hernando
Hickman  KY,KY,Hickman ,0,0,0,0,0,0,0,0,0,0,0,1,1,0,0,0,0,0,0,0,0,0,0,1,0,0,0,0,0,0,0,0,0,0,0,1,-89.6533966,32.7128983,-88.9761963,-88.9761963,"Hickman, KY",Hickman
Hickman  TN,TN,Hickman ,0,0,0,0,0,0,0,0,0,0,0,1,1,0,0,0,0,0,0,0,0,0,0,0,0,1,0,0,0,0,0,0,0,0,0,0,-85.2906036,37.5265999,-87.4732971,-87.4732971,"Hickman, TN",Hickman
Hillsborough  FL,FL,Hillsborough ,0,0,0,0,0,0,0,0,0,0,0,0,0,0,0,0,1,0,0,0,0,0,0,0,0,0,0,0,0,0,0,0,0,0,0,0,-79.1308975,35.526001,-82.3469009,-82.3469009,"Hillsborough, FL",Hillsborough
Holmes  FL,FL,Holmes ,0,0,0,0,0,0,0,0,0,0,0,0,2,0,0,0,0,0,0,0,0,0,0,0,1,0,0,1,0,0,0,0,0,0,0,0,-79.1308975,35.526001,-85.8141022,-85.8141022,"Holmes, FL",Holmes
Hopkins  KY,KY,Hopkins ,0,0,0,0,0,0,0,0,1,0,0,0,0,0,0,0,0,0,0,0,0,0,0,1,0,0,0,0,0,0,0,0,0,0,0,0,-89.6533966,32.7128983,-87.540802,-87.540802,"Hopkins, KY",Hopkins
Horry  SC,SC,Horry ,0,0,0,0,0,0,0,0,0,0,0,0,0,0,0,0,0,0,0,0,0,0,0,0,0,0,0,0,0,1,0,0,0,0,1,0,-86.343399,35.8429985,-78.9760971,-78.9760971,"Horry, SC",Horry
Houghton  MI,MI,Houghton ,0,0,0,0,0,0,0,0,0,0,0,0,0,0,0,0,0,0,0,0,0,0,0,0,0,0,0,0,0,0,1,0,1,0,0,1,,,,,"Houghton, MI",Houghton
Houston  AL,AL,Houston ,0,0,0,0,0,0,0,0,0,0,0,0,0,0,0,0,1,0,0,0,0,0,0,0,0,0,0,0,0,0,0,0,0,0,0,0,-80.8646011,33.8778992,-85.3024979,-85.3024979,"Houston, AL",Houston
Houston  GA,GA,Houston ,0,0,0,0,0,0,1,0,0,0,0,0,0,0,0,0,0,0,0,0,0,0,0,0,0,0,0,0,0,0,0,0,0,0,0,0,-86.8444977,32.7569008,-83.6661987,-83.6661987,"Houston, GA",Houston
Houston  TN,TN,Houston ,0,0,0,0,0,0,0,0,0,0,0,0,1,0,0,0,0,0,0,0,0,0,0,0,0,0,0,0,0,0,0,0,0,0,0,0,-85.2906036,37.5265999,-87.7170029,-87.7170029,"Houston, TN",Houston
Humphreys  TN,TN,Humphreys ,0,0,0,0,0,0,0,0,0,0,0,0,1,0,0,0,0,0,0,0,0,0,0,0,0,1,0,0,0,0,0,0,0,0,0,0,-85.2906036,37.5265999,-87.7755966,-87.7755966,"Humphreys, TN",Humphreys
Huron  MI,MI,Huron ,0,0,0,0,0,0,0,0,0,0,0,1,0,0,0,0,0,0,0,0,0,1,1,0,0,0,0,0,0,0,0,0,0,0,0,0,,,,,"Huron, MI",Huron
Ingham  MI,MI,Ingham ,0,0,0,0,0,0,0,0,0,0,0,0,2,0,0,0,0,0,0,0,0,0,0,0,0,0,0,0,0,0,0,0,0,0,0,0,,,,,"Ingham, MI",Ingham
Ionia  MI,MI,Ionia ,0,0,0,0,0,0,0,0,0,0,0,0,1,0,0,0,0,0,0,0,0,0,1,0,0,0,0,0,0,0,0,0,1,0,0,0,,,,,"Ionia, MI",Ionia
Iosco  MI,MI,Iosco ,0,0,0,0,0,0,0,0,0,0,1,1,0,0,0,0,0,0,0,0,0,1,0,0,0,0,0,0,0,0,0,0,0,0,0,0,,,,,"Iosco, MI",Iosco
Iredell  NC,NC,Iredell ,0,0,0,0,0,0,0,0,0,0,0,1,0,0,0,0,0,0,0,0,0,0,0,0,0,0,0,0,0,0,0,0,0,0,0,0,-83.4271011,32.6385994,-80.8733978,-80.8733978,"Iredell, NC",Iredell
Iron  MI,MI,Iron ,0,0,0,0,0,0,0,0,0,0,0,0,0,0,0,0,0,0,0,0,0,0,0,0,0,0,0,0,0,0,1,0,0,0,0,0,,,,,"Iron, MI",Iron
Isabella  MI,MI,Isabella ,0,0,0,0,0,0,0,0,0,0,0,0,1,0,0,0,0,0,0,0,0,1,1,0,0,0,0,0,0,0,0,0,0,0,0,0,,,,,"Isabella, MI",Isabella
Jackson  AL,AL,Jackson ,0,0,0,0,0,0,0,0,0,0,0,1,0,0,0,0,0,0,0,0,0,0,0,0,1,0,0,0,0,0,0,0,0,0,0,0,-80.8646011,33.8778992,-85.9992981,-85.9992981,"Jackson, AL",Jackson
Jackson  FL,FL,Jackson ,0,0,0,0,0,0,0,0,0,0,0,0,0,0,0,0,0,0,0,0,0,0,0,0,0,0,0,1,0,0,0,0,0,0,0,0,-79.1308975,35.526001,-85.2154999,-85.2154999,"Jackson, FL",Jackson
Jackson  GA,GA,Jackson ,0,0,0,0,0,0,0,0,0,0,0,0,0,1,0,0,0,0,0,0,0,0,0,0,0,0,0,0,0,0,0,0,0,0,0,0,-86.8444977,32.7569008,-83.5662994,-83.5662994,"Jackson, GA",Jackson
Jackson  KY,KY,Jackson ,0,0,0,0,0,0,0,0,0,1,0,0,0,0,0,0,0,0,0,0,0,0,0,2,1,0,0,0,0,0,0,0,0,0,1,0,-89.6533966,32.7128983,-84.0057983,-84.0057983,"Jackson, KY",Jackson
Jackson  MI,MI,Jackson ,0,0,0,0,0,0,0,0,0,0,0,0,0,0,0,0,0,1,0,0,0,0,0,0,0,0,0,0,0,0,0,0,0,0,0,0,,,,,"Jackson, MI",Jackson
Jackson  NC,NC,Jackson ,0,0,0,0,0,0,0,0,0,0,0,1,0,0,0,0,0,0,0,0,0,0,0,0,0,0,0,0,1,0,0,0,1,0,0,0,-83.4271011,32.6385994,-83.1408005,-83.1408005,"Jackson, NC",Jackson
Jackson  TN,TN,Jackson ,0,0,0,0,0,0,0,0,1,0,0,0,1,0,0,0,0,0,0,1,1,0,0,0,1,0,0,0,0,0,0,0,0,0,0,0,-85.2906036,37.5265999,-85.6731033,-85.6731033,"Jackson, TN",Jackson
Jeff Davis  GA,GA,Jeff Davis ,0,0,0,0,0,0,0,0,0,0,0,0,0,0,0,0,0,0,0,0,0,0,0,0,0,1,0,0,0,0,0,0,0,0,0,0,-86.8444977,32.7569008,-82.6369019,-82.6369019,"Jeff Davis, GA",Jeff Davis
Jefferson  AL,AL,Jefferson ,0,0,0,0,0,0,0,0,0,0,0,1,1,0,1,0,1,0,0,0,0,0,0,0,0,0,0,0,0,0,0,0,0,0,0,0,-80.8646011,33.8778992,-86.8964005,-86.8964005,"Jefferson, AL",Jefferson
Jefferson  FL,FL,Jefferson ,0,0,0,0,0,0,0,0,0,0,0,1,0,0,0,0,0,0,0,0,0,0,0,0,0,0,0,0,0,0,0,0,0,0,0,0,-79.1308975,35.526001,-83.9004974,-83.9004974,"Jefferson, FL",Jefferson
Jefferson  GA,GA,Jefferson ,0,0,0,0,0,0,1,0,0,0,0,0,0,0,0,0,0,0,0,0,0,0,0,0,1,0,0,0,0,0,0,0,0,0,0,0,-86.8444977,32.7569008,-82.4181976,-82.4181976,"Jefferson, GA",Jefferson
Jefferson  KY,KY,Jefferson ,0,0,0,0,0,0,0,0,0,0,0,0,0,0,0,1,0,0,0,0,0,0,0,1,0,0,0,0,0,0,0,0,0,0,1,1,-89.6533966,32.7128983,-85.6592026,-85.6592026,"Jefferson, KY",Jefferson
Jefferson  TN,TN,Jefferson ,0,0,0,0,0,0,0,0,0,0,0,1,0,0,0,0,0,0,0,0,1,0,0,0,0,0,0,1,0,0,0,0,0,0,0,0,-85.2906036,37.5265999,-83.4462967,-83.4462967,"Jefferson, TN",Jefferson
Jenkins  GA,GA,Jenkins ,0,0,0,0,0,0,0,0,0,0,0,0,0,0,0,0,0,0,0,0,0,0,0,0,1,0,0,0,0,0,0,0,0,0,0,0,-86.8444977,32.7569008,-81.963501,-81.963501,"Jenkins, GA",Jenkins
Jessamine  KY,KY,Jessamine ,0,0,0,0,0,0,0,0,0,0,0,0,0,0,0,1,0,0,0,0,0,0,0,1,0,0,0,0,0,0,0,0,0,0,0,0,-89.6533966,32.7128983,-84.5809021,-84.5809021,"Jessamine, KY",Jessamine
Johnson  GA,GA,Johnson ,0,0,0,0,0,0,0,0,0,0,0,0,0,0,0,0,0,0,0,0,0,0,0,0,1,1,0,0,0,0,0,0,0,0,0,0,-86.8444977,32.7569008,-82.6601028,-82.6601028,"Johnson, GA",Johnson
Johnson  KY,KY,Johnson ,0,0,0,0,0,0,0,1,0,0,0,0,0,0,1,1,0,0,0,0,0,0,0,1,1,0,0,0,0,0,0,0,0,0,2,1,-89.6533966,32.7128983,-82.8314972,-82.8314972,"Johnson, KY",Johnson
Johnson  TN,TN,Johnson ,0,0,0,0,0,0,0,0,0,0,0,1,0,0,1,0,0,0,0,0,0,0,0,0,0,0,0,1,0,0,0,0,0,0,0,0,-85.2906036,37.5265999,-81.851799,-81.851799,"Johnson, TN",Johnson
Kalamazoo  MI,MI,Kalamazoo ,0,0,0,0,0,0,0,0,0,0,0,0,1,0,0,0,0,0,0,0,0,0,0,0,0,0,0,0,0,0,0,0,0,0,0,0,,,,,"Kalamazoo, MI",Kalamazoo
Kent  MI,MI,Kent ,0,0,0,0,0,0,0,0,0,0,0,0,0,0,0,0,0,0,0,0,0,0,1,0,0,0,0,0,0,0,0,0,1,0,0,0,,,,,"Kent, MI",Kent
Kenton  KY,KY,Kenton ,0,0,0,0,0,0,0,0,0,0,0,0,0,0,0,0,0,0,0,0,0,0,0,0,0,0,0,0,0,0,0,0,0,0,0,1,-89.6533966,32.7128983,-84.5333023,-84.5333023,"Kenton, KY",Kenton
Kershaw  SC,SC,Kershaw ,0,0,0,0,0,0,0,0,0,0,0,0,0,0,0,0,0,0,0,0,0,0,0,0,1,0,0,0,0,0,0,0,0,0,1,0,-86.343399,35.8429985,-80.5902023,-80.5902023,"Kershaw, SC",Kershaw
Keweenaw  MI,MI,Keweenaw ,0,0,0,0,0,0,0,0,0,0,0,0,0,0,0,0,0,0,0,0,0,0,0,0,0,0,0,0,0,0,0,0,1,0,0,0,,,,,"Keweenaw, MI",Keweenaw
Knott  KY,KY,Knott ,0,0,0,0,0,0,0,1,0,1,1,0,1,0,1,0,0,0,0,0,0,0,0,3,0,0,0,0,0,0,0,0,0,0,1,1,-89.6533966,32.7128983,-82.9541016,-82.9541016,"Knott, KY",Knott
Knox  KY,KY,Knox ,0,0,0,0,0,0,0,1,0,2,0,0,1,0,1,0,0,0,0,0,0,0,0,3,0,0,0,0,0,0,0,0,0,0,1,1,-89.6533966,32.7128983,-83.8539963,-83.8539963,"Knox, KY",Knox
Knox  TN,TN,Knox ,0,0,0,0,0,0,0,0,0,0,0,1,0,0,0,0,0,0,0,0,0,0,0,0,0,0,0,0,0,0,0,0,0,0,0,0,-85.2906036,37.5265999,-83.9371033,-83.9371033,"Knox, TN",Knox
Lafayette  FL,FL,Lafayette ,0,0,0,0,0,0,0,0,0,0,0,1,0,0,0,0,0,0,0,0,0,0,0,0,0,0,0,0,0,0,0,0,0,0,0,0,-79.1308975,35.526001,-83.1810989,-83.1810989,"Lafayette, FL",Lafayette
Lake  MI,MI,Lake ,0,0,0,0,0,0,0,0,0,0,0,0,0,0,0,0,0,0,0,0,0,1,1,0,0,0,0,0,0,0,0,0,0,0,0,0,,,,,"Lake, MI",Lake
Lake  TN,TN,Lake ,0,0,0,0,0,0,0,0,0,0,0,1,1,0,0,0,0,0,0,0,0,0,0,0,0,0,0,0,0,0,0,1,0,0,0,0,-85.2906036,37.5265999,-89.4934998,-89.4934998,"Lake, TN",Lake
Lamar  AL,AL,Lamar ,0,0,0,0,0,0,0,0,0,0,0,0,0,0,0,0,1,0,0,0,0,0,0,0,0,0,0,0,0,0,0,0,0,0,0,0,-80.8646011,33.8778992,-88.0969009,-88.0969009,"Lamar, AL",Lamar
Lancaster  SC,SC,Lancaster ,0,0,0,0,0,0,0,0,0,0,0,0,0,0,0,0,0,0,0,0,0,0,0,0,1,0,0,0,0,0,0,0,0,0,1,0,-86.343399,35.8429985,-80.7053986,-80.7053986,"Lancaster, SC",Lancaster
Lanier  GA,GA,Lanier ,0,0,0,0,0,0,0,0,0,0,0,0,0,0,0,0,0,0,0,0,0,0,0,0,0,1,0,0,0,0,0,0,0,0,0,0,-86.8444977,32.7569008,-83.0626984,-83.0626984,"Lanier, GA",Lanier
Lapeer  MI,MI,Lapeer ,0,0,0,0,0,0,0,0,0,0,0,0,1,0,0,0,0,0,0,0,0,1,1,0,0,0,0,0,0,0,0,0,0,0,0,0,,,,,"Lapeer, MI",Lapeer
Larue  KY,KY,Larue ,0,0,0,0,0,0,0,0,0,1,0,0,0,0,0,1,0,0,0,0,0,0,0,1,0,0,0,0,0,0,0,0,0,0,1,0,-89.6533966,32.7128983,-85.6978989,-85.6978989,"Larue, KY",Larue
Lauderdale  AL,AL,Lauderdale ,0,0,0,0,0,0,0,0,0,0,0,0,0,0,0,0,0,0,0,0,0,0,0,0,1,0,0,0,0,0,0,0,0,0,0,0,-80.8646011,33.8778992,-87.6539993,-87.6539993,"Lauderdale, AL",Lauderdale
Lauderdale  TN,TN,Lauderdale ,0,0,0,0,0,0,0,0,0,0,0,1,1,0,0,0,0,0,0,0,0,0,0,0,1,0,0,0,0,0,0,0,0,0,0,0,-85.2906036,37.5265999,-89.6314011,-89.6314011,"Lauderdale, TN",Lauderdale
Laurel  KY,KY,Laurel ,0,0,0,0,0,0,0,0,0,1,0,0,0,0,0,0,0,0,0,0,0,0,0,0,0,0,0,0,0,0,0,0,0,0,0,0,-89.6533966,32.7128983,-84.1177979,-84.1177979,"Laurel, KY",Laurel
Laurens  GA,GA,Laurens ,0,0,0,0,0,0,1,0,0,0,0,0,0,0,0,0,0,0,0,0,0,0,0,0,0,1,0,0,0,0,0,0,0,0,0,0,-86.8444977,32.7569008,-82.9222031,-82.9222031,"Laurens, GA",Laurens
Laurens  SC,SC,Laurens ,0,0,0,0,0,0,0,0,0,0,0,0,0,0,0,0,0,0,0,0,0,0,0,0,0,0,0,0,0,0,0,0,0,0,1,0,-86.343399,35.8429985,-82.0058975,-82.0058975,"Laurens, SC",Laurens
Lawrence  AL,AL,Lawrence ,0,0,0,0,0,0,0,0,0,0,0,0,0,0,0,0,0,0,0,0,0,0,0,0,1,0,0,0,0,0,0,0,0,0,0,0,-80.8646011,33.8778992,-87.310997,-87.310997,"Lawrence, AL",Lawrence
Lawrence  KY,KY,Lawrence ,0,0,0,0,0,0,0,1,0,0,0,0,0,0,1,1,0,0,0,0,0,0,0,1,1,0,0,0,0,0,0,0,0,0,2,2,-89.6533966,32.7128983,-82.7348022,-82.7348022,"Lawrence, KY",Lawrence
Lawrence  TN,TN,Lawrence ,0,0,0,0,0,0,0,0,0,0,0,1,0,0,0,0,0,0,0,0,0,0,0,0,0,1,0,0,0,0,0,0,0,0,0,0,-85.2906036,37.5265999,-87.3955994,-87.3955994,"Lawrence, TN",Lawrence
Lee  AL,AL,Lee ,0,0,0,0,0,0,0,0,0,0,0,0,1,0,0,0,0,0,0,0,0,0,0,0,0,0,0,0,0,0,0,0,0,0,0,0,-80.8646011,33.8778992,-85.3555984,-85.3555984,"Lee, AL",Lee
Lee  GA,GA,Lee ,0,0,0,0,0,0,1,0,0,0,0,0,0,0,0,0,0,0,0,0,0,0,0,0,0,0,0,0,0,0,0,0,0,0,0,0,-86.8444977,32.7569008,-84.141098,-84.141098,"Lee, GA",Lee
Lee  KY,KY,Lee ,0,0,0,0,0,0,0,0,0,0,0,0,0,0,0,1,0,0,0,0,0,0,0,1,1,0,0,0,0,0,0,0,0,0,2,1,-89.6533966,32.7128983,-83.716301,-83.716301,"Lee, KY",Lee
Lee  SC,SC,Lee ,0,0,0,0,0,0,0,0,0,0,0,0,0,0,0,0,0,0,0,0,0,0,0,0,1,0,0,0,0,0,0,0,0,0,1,0,-86.343399,35.8429985,-80.2545013,-80.2545013,"Lee, SC",Lee
Leon  FL,FL,Leon ,0,0,0,0,0,0,0,0,0,0,0,1,0,0,0,0,0,0,0,0,0,0,0,0,0,0,0,0,0,0,0,0,0,0,0,0,-79.1308975,35.526001,-84.2779007,-84.2779007,"Leon, FL",Leon
Leslie  KY,KY,Leslie ,0,0,0,0,0,0,0,1,0,2,0,0,0,0,1,0,0,0,0,0,0,0,0,3,0,0,0,0,0,0,0,0,0,0,1,1,-89.6533966,32.7128983,-83.3811035,-83.3811035,"Leslie, KY",Leslie
Letcher  KY,KY,Letcher ,0,0,0,0,0,0,0,1,0,1,1,0,1,0,1,0,0,0,0,1,0,0,0,3,0,0,0,0,0,0,0,0,0,0,1,1,-89.6533966,32.7128983,-82.8553009,-82.8553009,"Letcher, KY",Letcher
Levy  FL,FL,Levy ,0,0,0,0,0,0,0,0,0,0,0,1,0,0,0,0,0,0,0,0,0,0,0,0,0,0,0,0,0,0,0,0,0,0,0,0,-79.1308975,35.526001,-82.7885971,-82.7885971,"Levy, FL",Levy
Lewis  KY,KY,Lewis ,0,0,0,0,0,0,0,1,0,0,0,0,0,0,0,0,0,0,0,0,0,0,0,0,1,0,0,0,0,0,0,0,0,0,2,0,-89.6533966,32.7128983,-83.3780975,-83.3780975,"Lewis, KY",Lewis
Lewis  TN,TN,Lewis ,0,0,0,0,0,0,0,0,0,0,0,0,1,0,0,0,0,0,0,0,0,0,0,0,0,1,0,0,0,0,0,0,0,0,0,0,-85.2906036,37.5265999,-87.493103,-87.493103,"Lewis, TN",Lewis
Lexington  SC,SC,Lexington ,0,0,0,0,0,0,0,0,0,0,0,0,0,0,0,0,0,0,0,0,0,0,0,0,0,0,0,0,0,0,0,0,0,0,1,0,-86.343399,35.8429985,-81.2722015,-81.2722015,"Lexington, SC",Lexington
Liberty  FL,FL,Liberty ,0,0,0,0,0,0,0,0,0,0,0,0,0,0,0,0,0,0,0,0,0,0,0,0,1,0,0,1,0,0,0,0,0,0,0,0,-79.1308975,35.526001,-84.8828964,-84.8828964,"Liberty, FL",Liberty
Limestone  AL,AL,Limestone ,0,0,0,0,0,0,0,0,0,0,0,0,0,0,0,0,0,0,0,0,0,0,0,0,1,0,0,0,0,0,0,0,0,0,0,0,-80.8646011,33.8778992,-86.9813995,-86.9813995,"Limestone, AL",Limestone
Lincoln  KY,KY,Lincoln ,0,0,0,0,0,0,0,0,0,1,1,0,0,0,0,1,0,0,0,0,0,0,0,0,0,0,0,0,0,0,0,0,0,0,1,0,-89.6533966,32.7128983,-84.6607971,-84.6607971,"Lincoln, KY",Lincoln
Lincoln  NC,NC,Lincoln ,0,0,0,0,0,0,0,0,0,0,0,0,0,0,0,0,0,0,0,0,0,0,0,0,0,0,0,0,0,0,0,0,1,0,0,0,-83.4271011,32.6385994,-81.2235031,-81.2235031,"Lincoln, NC",Lincoln
Lincoln  TN,TN,Lincoln ,0,0,0,0,0,0,0,0,0,0,0,1,0,0,0,0,0,0,0,0,0,0,0,0,1,0,0,0,0,0,0,0,0,0,0,0,-85.2906036,37.5265999,-86.5888977,-86.5888977,"Lincoln, TN",Lincoln
Livingston  KY,KY,Livingston ,0,0,0,0,0,0,0,0,0,0,0,0,1,0,0,0,0,0,0,0,0,0,0,0,1,0,0,0,0,0,0,0,0,0,0,1,-89.6533966,32.7128983,-88.3537979,-88.3537979,"Livingston, KY",Livingston
Livingston  MI,MI,Livingston ,0,0,0,0,0,0,0,0,0,0,0,0,1,0,0,0,0,0,0,0,0,0,0,0,0,0,0,0,0,0,0,0,0,0,0,0,,,,,"Livingston, MI",Livingston
Logan  KY,KY,Logan ,0,0,0,0,0,0,0,0,1,0,0,0,0,0,0,0,0,0,0,0,0,0,0,0,0,0,0,0,0,0,0,0,0,0,0,0,-89.6533966,32.7128983,-86.8788986,-86.8788986,"Logan, KY",Logan
Long  GA,GA,Long ,0,0,0,0,0,0,1,0,0,0,0,0,0,0,0,0,0,0,0,0,0,0,0,0,0,0,0,0,0,0,0,0,0,0,0,0,-86.8444977,32.7569008,-81.7457962,-81.7457962,"Long, GA",Long
Loudon  TN,TN,Loudon ,0,0,0,0,0,0,0,0,0,0,0,1,0,0,0,0,0,0,0,0,0,0,0,0,0,0,0,0,0,0,0,0,0,0,0,0,-85.2906036,37.5265999,-84.3118973,-84.3118973,"Loudon, TN",Loudon
Lowndes  AL,AL,Lowndes ,0,0,0,0,0,0,0,0,0,0,0,0,1,0,0,0,0,0,0,0,0,0,0,0,0,0,0,0,0,0,0,0,0,0,0,0,-80.8646011,33.8778992,-86.6501007,-86.6501007,"Lowndes, AL",Lowndes
Lowndes  GA,GA,Lowndes ,0,0,0,0,0,0,0,0,0,0,0,0,0,0,0,0,0,0,0,0,0,0,0,0,0,1,0,0,0,0,0,0,0,0,0,0,-86.8444977,32.7569008,-83.2677002,-83.2677002,"Lowndes, GA",Lowndes
Lumpkin  GA,GA,Lumpkin ,0,0,0,0,0,0,0,0,0,0,0,0,0,1,0,0,0,0,0,0,0,0,0,0,0,0,0,0,0,0,0,0,0,0,0,0,-86.8444977,32.7569008,-84.0027008,-84.0027008,"Lumpkin, GA",Lumpkin
Macomb  MI,MI,Macomb ,0,0,0,0,0,0,0,0,0,0,1,1,1,0,0,0,0,0,0,0,0,0,1,0,0,0,0,0,0,0,0,0,0,1,0,0,,,,,"Macomb, MI",Macomb
Macon  AL,AL,Macon ,0,0,0,0,0,0,0,0,0,0,0,0,1,0,0,0,0,0,0,0,0,0,0,0,0,0,0,0,0,0,0,0,0,0,0,0,-80.8646011,33.8778992,-85.6927032,-85.6927032,"Macon, AL",Macon
Macon  NC,NC,Macon ,0,0,0,0,0,0,0,0,0,0,0,1,0,0,0,0,0,0,0,0,0,0,0,0,0,0,0,0,1,0,0,0,1,0,0,0,-83.4271011,32.6385994,-83.4222031,-83.4222031,"Macon, NC",Macon
Macon  TN,TN,Macon ,0,0,0,0,0,0,0,0,1,0,0,0,1,0,0,0,0,0,0,1,0,0,0,0,0,0,0,0,0,0,0,0,0,0,0,0,-85.2906036,37.5265999,-86.0073013,-86.0073013,"Macon, TN",Macon
Madison  AL,AL,Madison ,0,0,0,0,0,0,0,0,0,0,0,0,0,0,0,0,0,0,0,0,0,0,0,0,1,0,0,0,0,0,0,0,0,0,0,0,-80.8646011,33.8778992,-86.5502014,-86.5502014,"Madison, AL",Madison
Madison  FL,FL,Madison ,0,0,0,0,0,0,0,0,0,0,0,1,0,0,0,0,0,0,0,0,0,0,0,0,0,0,0,0,0,0,0,0,0,0,0,0,-79.1308975,35.526001,-83.4701004,-83.4701004,"Madison, FL",Madison
Madison  KY,KY,Madison ,0,0,0,0,0,0,0,0,0,0,1,0,0,0,0,1,0,0,0,0,0,0,0,1,0,0,0,0,0,0,0,0,0,0,1,0,-89.6533966,32.7128983,-84.2779999,-84.2779999,"Madison, KY",Madison
Madison  NC,NC,Madison ,0,0,0,0,0,0,0,0,0,0,0,0,0,0,1,0,0,0,0,0,0,0,0,0,0,0,0,0,1,0,0,0,1,0,0,0,-83.4271011,32.6385994,-82.7058029,-82.7058029,"Madison, NC",Madison
Madison  TN,TN,Madison ,0,0,0,0,0,0,0,0,0,0,0,0,1,0,0,0,0,0,0,0,0,0,0,0,0,0,0,0,0,0,0,0,0,0,0,0,-85.2906036,37.5265999,-88.838501,-88.838501,"Madison, TN",Madison
Magoffin  KY,KY,Magoffin ,0,0,0,0,0,0,0,1,0,0,0,0,0,0,1,1,0,0,0,0,0,0,0,3,1,0,0,0,0,0,0,0,0,0,2,1,-89.6533966,32.7128983,-83.0649033,-83.0649033,"Magoffin, KY",Magoffin
Manatee  FL,FL,Manatee ,0,0,0,0,0,0,0,0,0,0,0,0,0,0,0,0,0,0,0,1,0,0,0,0,0,0,1,0,0,0,0,0,0,0,0,0,-79.1308975,35.526001,-82.3574982,-82.3574982,"Manatee, FL",Manatee
Manistee  MI,MI,Manistee ,0,0,0,0,0,0,0,0,0,0,0,0,0,0,0,0,0,0,0,0,0,0,1,0,0,0,0,0,0,0,0,0,0,0,0,0,,,,,"Manistee, MI",Manistee
Marengo  AL,AL,Marengo ,0,0,0,0,0,0,0,0,0,0,0,0,0,0,0,0,1,0,0,0,0,0,0,0,0,0,0,0,0,0,0,0,0,0,0,0,-80.8646011,33.8778992,-87.7894974,-87.7894974,"Marengo, AL",Marengo
Marion  AL,AL,Marion ,0,0,0,0,0,0,0,0,0,0,0,0,0,0,0,0,0,0,0,0,0,0,0,0,1,0,0,0,0,0,0,0,0,0,0,0,-80.8646011,33.8778992,-87.8871002,-87.8871002,"Marion, AL",Marion
Marion  KY,KY,Marion ,0,0,0,0,0,0,0,0,0,1,0,0,0,0,0,0,0,0,0,0,0,0,0,0,0,0,0,0,0,0,0,0,0,0,0,0,-89.6533966,32.7128983,-85.2695999,-85.2695999,"Marion, KY",Marion
Marion  SC,SC,Marion ,0,0,0,0,0,0,0,0,0,0,0,0,0,0,0,0,0,0,0,0,0,0,0,0,0,0,0,0,0,1,0,0,0,0,1,0,-86.343399,35.8429985,-79.3625031,-79.3625031,"Marion, SC",Marion
Marion  TN,TN,Marion ,0,0,0,0,0,0,0,0,0,0,0,1,0,0,0,0,0,0,0,1,0,0,0,0,2,0,0,1,0,0,0,0,0,0,0,0,-85.2906036,37.5265999,-85.6220016,-85.6220016,"Marion, TN",Marion
Marlboro  SC,SC,Marlboro ,0,0,0,0,0,0,0,0,0,0,0,0,0,0,0,0,0,0,0,0,0,0,0,0,0,0,0,0,0,0,0,0,0,0,1,0,-86.343399,35.8429985,-79.6787033,-79.6787033,"Marlboro, SC",Marlboro
Marquette  MI,MI,Marquette ,0,0,0,0,0,0,0,0,0,0,0,0,0,0,0,0,0,0,0,0,0,0,0,0,0,0,0,0,0,0,1,0,1,0,0,0,,,,,"Marquette, MI",Marquette
Marshall  AL,AL,Marshall ,0,0,0,0,0,0,0,0,0,0,0,1,0,0,1,0,1,0,0,0,0,0,0,0,1,0,0,0,0,0,0,0,0,0,0,0,-80.8646011,33.8778992,-86.3066025,-86.3066025,"Marshall, AL",Marshall
Marshall  KY,KY,Marshall ,0,0,0,0,0,0,0,0,0,0,0,0,1,0,0,0,0,0,0,0,0,0,0,1,0,0,0,0,0,0,0,0,0,0,1,0,-89.6533966,32.7128983,-88.3293991,-88.3293991,"Marshall, KY",Marshall
Marshall  TN,TN,Marshall ,0,0,0,0,0,0,0,0,0,0,0,1,0,0,0,0,0,0,0,0,0,0,0,0,0,0,0,0,0,0,0,0,0,0,0,0,-85.2906036,37.5265999,-86.7649994,-86.7649994,"Marshall, TN",Marshall
Martin  FL,FL,Martin ,0,0,0,0,0,0,0,0,0,0,0,0,0,0,0,0,0,0,0,0,0,0,0,0,0,0,0,0,1,0,0,0,0,0,0,0,-79.1308975,35.526001,-80.3984985,-80.3984985,"Martin, FL",Martin
Martin  KY,KY,Martin ,0,0,0,0,0,0,0,1,0,1,0,0,0,0,1,1,0,0,0,0,0,0,0,1,0,0,0,0,0,0,0,0,0,0,1,1,-89.6533966,32.7128983,-82.513298,-82.513298,"Martin, KY",Martin
Mason  KY,KY,Mason ,0,0,0,0,0,0,0,0,0,0,0,0,0,0,0,0,0,0,0,0,0,0,0,0,0,0,0,0,0,0,0,0,0,0,1,0,-89.6533966,32.7128983,-83.8242035,-83.8242035,"Mason, KY",Mason
Mason  MI,MI,Mason ,0,0,0,0,0,0,0,0,0,0,0,0,0,0,0,0,0,0,0,0,0,1,1,0,0,0,0,0,0,0,0,0,0,0,0,0,,,,,"Mason, MI",Mason
Maury  TN,TN,Maury ,0,0,0,0,0,0,0,0,0,0,0,1,1,0,0,0,0,0,0,0,0,0,0,0,0,0,0,0,0,0,0,0,0,0,0,0,-85.2906036,37.5265999,-87.0770035,-87.0770035,"Maury, TN",Maury
McCormick  SC,SC,McCormick ,0,0,0,0,0,0,0,0,0,0,0,0,0,0,0,0,0,0,0,0,0,0,0,0,0,0,0,0,0,0,0,0,0,0,1,0,-86.343399,35.8429985,-82.3098984,-82.3098984,"McCormick, SC",McCormick
McCracken  KY,KY,McCracken ,0,0,0,0,0,0,0,0,0,0,0,1,1,0,0,0,0,0,0,0,0,0,0,1,1,0,0,0,0,0,0,0,0,0,0,1,-89.6533966,32.7128983,-88.7126999,-88.7126999,"McCracken, KY",McCracken
McDowell  NC,NC,McDowell ,0,0,0,0,0,0,0,0,0,0,0,1,0,0,1,0,0,0,0,0,0,0,0,0,0,0,0,0,0,0,0,0,0,0,0,0,-83.4271011,32.6385994,-82.0493011,-82.0493011,"McDowell, NC",McDowell
McDuffie  GA,GA,McDuffie ,0,0,0,0,0,0,0,0,0,0,0,0,0,0,0,0,0,0,0,0,0,0,0,0,1,0,0,0,0,0,0,0,0,0,0,0,-86.8444977,32.7569008,-82.4813995,-82.4813995,"McDuffie, GA",McDuffie
McLean  KY,KY,McLean ,0,0,0,0,0,0,0,0,0,0,0,0,0,0,0,0,0,0,0,0,0,0,0,1,0,0,0,0,0,0,0,0,0,0,0,1,-89.6533966,32.7128983,-87.2636032,-87.2636032,"McLean, KY",McLean
McMinn  TN,TN,McMinn ,0,0,0,0,0,0,0,0,0,0,0,1,0,0,0,0,0,0,0,0,0,0,0,0,0,0,0,1,0,0,0,0,0,0,0,0,-85.2906036,37.5265999,-84.6175003,-84.6175003,"McMinn, TN",McMinn
McNairy  TN,TN,McNairy ,0,0,0,0,0,0,0,0,0,0,0,0,1,0,0,0,0,0,0,0,0,0,0,0,0,0,0,0,0,0,0,0,0,0,0,0,-85.2906036,37.5265999,-88.5635986,-88.5635986,"McNairy, TN",McNairy
Mecosta  MI,MI,Mecosta ,0,0,0,0,0,0,0,0,0,0,0,0,1,0,0,0,0,0,0,0,0,1,1,0,0,0,0,0,0,0,0,0,0,0,0,0,,,,,"Mecosta, MI",Mecosta
Meigs  TN,TN,Meigs ,0,0,0,0,0,0,0,0,0,0,0,1,0,0,0,0,0,0,0,0,0,0,0,0,0,0,0,0,0,0,0,0,0,0,0,0,-85.2906036,37.5265999,-84.8134003,-84.8134003,"Meigs, TN",Meigs
Menifee  KY,KY,Menifee ,0,0,0,0,0,0,0,0,0,0,0,0,0,0,0,0,0,0,0,0,0,0,0,0,0,0,0,0,0,0,0,0,0,0,1,0,-89.6533966,32.7128983,-83.5988998,-83.5988998,"Menifee, KY",Menifee
Menominee  MI,MI,Menominee ,0,0,0,0,0,0,0,0,0,0,0,1,0,0,0,0,0,0,0,0,0,0,0,0,0,0,0,0,0,0,0,0,0,0,0,1,,,,,"Menominee, MI",Menominee
Mercer  KY,KY,Mercer ,0,0,0,0,0,0,0,0,0,0,0,0,0,0,0,1,0,0,0,0,0,0,0,1,0,0,0,0,0,0,0,0,0,0,0,0,-89.6533966,32.7128983,-84.8743973,-84.8743973,"Mercer, KY",Mercer
Metcalfe  KY,KY,Metcalfe ,0,0,0,0,0,0,0,0,0,0,0,0,1,0,0,0,0,0,0,0,0,0,0,0,0,0,0,0,0,0,0,0,0,0,2,2,-89.6533966,32.7128983,-85.6292038,-85.6292038,"Metcalfe, KY",Metcalfe
Midland  MI,MI,Midland ,0,0,0,0,0,0,0,0,0,0,0,0,1,0,0,0,0,0,0,0,0,1,1,0,0,0,0,0,0,0,0,0,1,0,0,0,,,,,"Midland, MI",Midland
Mitchell  NC,NC,Mitchell ,0,0,0,0,0,0,0,0,0,0,0,0,0,0,1,0,0,0,0,0,0,0,0,0,0,0,0,0,1,0,0,0,1,0,0,0,-83.4271011,32.6385994,-82.1635971,-82.1635971,"Mitchell, NC",Mitchell
Mobile  AL,AL,Mobile ,0,0,0,0,0,0,0,0,0,0,0,0,0,0,0,0,0,0,1,0,0,0,0,0,0,0,0,0,0,0,0,0,0,0,0,0,-80.8646011,33.8778992,-88.1975021,-88.1975021,"Mobile, AL",Mobile
Monroe  AL,AL,Monroe ,0,0,0,0,0,0,0,0,0,0,0,0,1,0,0,0,0,0,0,0,0,0,0,0,0,0,0,0,0,0,0,0,0,0,0,0,-80.8646011,33.8778992,-87.3654022,-87.3654022,"Monroe, AL",Monroe
Monroe  KY,KY,Monroe ,0,0,0,0,0,0,0,0,1,0,0,0,0,0,0,0,0,0,0,0,0,0,0,0,0,0,0,0,0,0,0,0,0,0,0,0,-89.6533966,32.7128983,-85.7164993,-85.7164993,"Monroe, KY",Monroe
Monroe  MI,MI,Monroe ,0,0,0,0,0,0,0,0,0,0,1,1,0,0,0,0,0,0,0,1,0,0,0,0,0,0,0,0,0,0,0,0,0,0,0,0,,,,,"Monroe, MI",Monroe
Monroe  TN,TN,Monroe ,0,0,0,0,0,0,0,0,0,0,0,1,0,0,0,0,0,0,0,0,0,0,0,0,0,0,0,1,0,0,0,0,0,0,0,0,-85.2906036,37.5265999,-84.2528,-84.2528,"Monroe, TN",Monroe
Montcalm  MI,MI,Montcalm ,0,0,0,0,0,0,0,0,0,0,0,0,1,0,0,0,0,0,0,0,0,1,1,0,0,0,0,0,0,0,0,0,0,0,0,0,,,,,"Montcalm, MI",Montcalm
Montgomery  AL,AL,Montgomery ,0,0,0,0,0,0,0,0,0,0,0,0,1,0,0,0,1,0,0,0,0,0,0,0,0,0,0,0,0,0,0,0,0,0,0,0,-80.8646011,33.8778992,-86.2076035,-86.2076035,"Montgomery, AL",Montgomery
Montgomery  GA,GA,Montgomery ,0,0,0,0,0,0,1,0,0,0,0,0,0,0,0,0,0,0,0,0,0,0,0,0,0,0,0,0,0,0,0,0,0,0,0,0,-86.8444977,32.7569008,-82.5347977,-82.5347977,"Montgomery, GA",Montgomery
Montgomery  KY,KY,Montgomery ,0,0,0,0,0,0,0,0,0,0,0,0,0,0,0,0,0,0,0,0,0,0,0,1,0,0,0,0,0,0,0,0,0,0,0,0,-89.6533966,32.7128983,-83.9131012,-83.9131012,"Montgomery, KY",Montgomery
Montgomery  TN,TN,Montgomery ,0,0,0,0,0,0,0,0,0,0,0,0,1,0,0,0,0,0,0,0,0,0,0,0,0,0,0,0,0,0,0,0,0,0,0,0,-85.2906036,37.5265999,-87.3828964,-87.3828964,"Montgomery, TN",Montgomery
Moore  TN,TN,Moore ,0,0,0,0,0,0,0,0,0,0,0,1,0,0,0,0,0,0,0,0,0,0,0,0,0,0,0,0,0,0,0,0,0,0,0,0,-85.2906036,37.5265999,-86.3588028,-86.3588028,"Moore, TN",Moore
Morgan  AL,AL,Morgan ,0,0,0,0,0,0,0,0,0,0,0,0,0,0,1,0,0,0,0,0,0,0,0,0,1,0,0,0,0,0,0,0,0,0,0,0,-80.8646011,33.8778992,-86.8528976,-86.8528976,"Morgan, AL",Morgan
Morgan  KY,KY,Morgan ,0,0,0,0,0,0,0,0,0,0,0,0,0,0,0,1,0,0,0,0,0,0,0,1,0,0,0,0,0,0,0,0,0,0,2,0,-89.6533966,32.7128983,-83.2589035,-83.2589035,"Morgan, KY",Morgan
Morgan  TN,TN,Morgan ,0,0,0,0,0,0,0,0,0,0,0,1,1,0,0,0,0,0,0,0,0,0,0,0,1,0,0,0,0,0,0,0,0,0,0,0,-85.2906036,37.5265999,-84.6492004,-84.6492004,"Morgan, TN",Morgan
Muhlenberg  KY,KY,Muhlenberg ,0,0,0,0,0,0,0,0,1,0,0,0,0,0,0,0,0,0,0,0,0,0,0,1,0,0,0,0,0,0,0,0,0,0,0,0,-89.6533966,32.7128983,-87.1419983,-87.1419983,"Muhlenberg, KY",Muhlenberg
Muskegon  MI,MI,Muskegon ,0,0,0,0,0,0,0,0,0,0,0,0,1,0,0,0,0,0,0,0,0,1,1,0,0,0,0,0,0,0,0,0,1,0,0,0,,,,,"Muskegon, MI",Muskegon
Nassau  FL,FL,Nassau ,0,0,0,0,0,0,0,0,0,0,0,1,0,0,0,0,0,0,0,0,0,0,0,0,0,0,0,0,0,0,0,0,0,0,0,0,-79.1308975,35.526001,-81.7714005,-81.7714005,"Nassau, FL",Nassau
Nelson  KY,KY,Nelson ,0,0,0,0,0,0,0,0,0,1,0,0,0,0,0,1,0,0,0,0,0,0,0,1,0,0,0,0,0,0,0,0,0,0,0,0,-89.6533966,32.7128983,-85.4660034,-85.4660034,"Nelson, KY",Nelson
Newaygo  MI,MI,Newaygo ,0,0,0,0,0,0,0,0,0,0,0,0,1,0,0,0,0,0,0,0,0,1,1,0,0,0,0,0,0,0,0,0,1,0,0,0,,,,,"Newaygo, MI",Newaygo
Newberry  SC,SC,Newberry ,0,0,0,0,0,0,0,0,0,0,0,0,0,0,0,0,0,0,0,0,0,0,0,0,0,0,0,0,0,0,0,0,0,0,1,0,-86.343399,35.8429985,-81.6000977,-81.6000977,"Newberry, SC",Newberry
Nicholas  KY,KY,Nicholas ,0,0,0,0,0,0,0,0,0,0,0,0,0,0,0,0,0,0,0,0,0,0,0,1,0,0,0,0,0,0,0,0,0,0,2,0,-89.6533966,32.7128983,-84.0152969,-84.0152969,"Nicholas, KY",Nicholas
Oakland  MI,MI,Oakland ,0,0,0,0,0,0,0,0,0,0,0,0,1,0,0,0,0,0,0,0,0,0,0,0,0,0,0,0,0,0,0,0,0,1,0,0,,,,,"Oakland, MI",Oakland
Obion  TN,TN,Obion ,0,0,0,0,0,0,0,0,0,0,0,1,1,0,0,0,0,0,0,0,0,0,0,0,1,0,0,0,0,0,0,0,0,0,0,0,-85.2906036,37.5265999,-89.1488037,-89.1488037,"Obion, TN",Obion
Oceana  MI,MI,Oceana ,0,0,0,0,0,0,0,0,0,0,0,0,1,0,0,0,0,0,0,0,0,1,1,0,0,0,0,0,0,0,0,0,0,0,0,0,,,,,"Oceana, MI",Oceana
Ohio  KY,KY,Ohio ,0,0,0,0,0,0,0,0,0,0,0,0,0,0,0,0,0,0,0,0,0,0,0,1,0,0,0,0,0,0,0,0,0,0,1,1,-89.6533966,32.7128983,-86.8488998,-86.8488998,"Ohio, KY",Ohio
Okaloosa  FL,FL,Okaloosa ,0,0,0,0,0,0,0,0,0,1,0,0,2,0,0,0,0,0,0,0,0,0,0,0,1,0,0,1,0,0,0,0,0,0,0,0,-79.1308975,35.526001,-86.5922012,-86.5922012,"Okaloosa, FL",Okaloosa
Oldham  KY,KY,Oldham ,0,0,0,0,0,0,0,0,0,0,0,0,0,0,0,1,0,0,0,0,0,0,0,0,0,0,0,0,0,0,0,0,0,0,0,0,-89.6533966,32.7128983,-85.4484024,-85.4484024,"Oldham, KY",Oldham
Ontonagon  MI,MI,Ontonagon ,0,0,0,0,0,0,0,0,0,0,0,0,0,0,0,0,0,0,0,0,0,0,0,0,0,0,0,0,0,0,1,0,1,0,0,0,,,,,"Ontonagon, MI",Ontonagon
Orange  FL,FL,Orange ,0,0,0,0,0,0,0,0,0,0,0,0,0,0,0,0,0,0,0,0,0,0,0,0,0,0,0,1,0,0,0,0,0,0,0,0,-79.1308975,35.526001,-81.3235016,-81.3235016,"Orange, FL",Orange
Orangeburg  SC,SC,Orangeburg ,0,0,0,0,0,0,0,0,0,0,0,0,0,0,0,0,0,0,0,0,0,0,0,0,1,0,0,0,0,0,0,0,0,0,1,0,-86.343399,35.8429985,-80.8003006,-80.8003006,"Orangeburg, SC",Orangeburg
Osceola  MI,MI,Osceola ,0,0,0,0,0,0,0,0,0,0,0,0,1,0,0,0,0,0,0,0,0,1,1,0,0,0,0,0,0,0,0,0,1,0,0,0,,,,,"Osceola, MI",Osceola
Ottawa  MI,MI,Ottawa ,0,0,0,0,0,0,0,0,0,0,0,0,1,0,0,0,0,1,0,0,0,0,1,0,0,0,0,0,0,0,0,0,1,0,0,0,,,,,"Ottawa, MI",Ottawa
Overton  TN,TN,Overton ,0,0,0,0,0,0,0,0,1,0,0,1,1,0,0,0,0,0,0,0,0,0,0,0,0,0,0,0,0,0,0,0,0,0,0,0,-85.2906036,37.5265999,-85.2881012,-85.2881012,"Overton, TN",Overton
Owen  KY,KY,Owen ,0,0,0,0,0,0,0,0,0,0,0,0,0,0,0,1,0,0,0,0,0,0,0,1,0,0,0,0,0,0,0,0,0,0,2,1,-89.6533966,32.7128983,-84.8281021,-84.8281021,"Owen, KY",Owen
Owsley  KY,KY,Owsley ,0,0,0,0,0,0,0,0,0,2,0,0,0,0,0,0,0,0,0,0,0,0,0,3,1,0,0,0,0,0,0,0,0,0,2,1,-89.6533966,32.7128983,-83.6830978,-83.6830978,"Owsley, KY",Owsley
Palm Beach  FL,FL,Palm Beach ,0,0,0,0,0,0,0,0,0,0,0,0,0,0,0,0,0,0,0,0,0,0,0,0,0,0,0,0,1,0,0,0,0,0,0,0,-79.1308975,35.526001,-80.4365005,-80.4365005,"Palm Beach, FL",Palm Beach
Pasco  FL,FL,Pasco ,0,0,0,0,0,0,0,0,0,0,0,0,0,0,0,0,1,0,0,0,0,0,0,0,0,0,0,0,0,0,0,0,0,0,0,0,-79.1308975,35.526001,-82.4389038,-82.4389038,"Pasco, FL",Pasco
Paulding  GA,GA,Paulding ,0,0,0,0,0,0,1,0,0,0,0,0,0,0,0,0,0,0,0,0,0,0,0,0,0,0,0,0,0,0,0,0,0,0,0,0,-86.8444977,32.7569008,-84.8673019,-84.8673019,"Paulding, GA",Paulding
Peach  GA,GA,Peach ,0,0,0,0,0,0,1,0,0,0,0,0,0,0,0,0,0,0,0,0,0,0,0,0,0,0,0,0,0,0,0,0,0,0,0,0,-86.8444977,32.7569008,-83.8268967,-83.8268967,"Peach, GA",Peach
Pendleton  KY,KY,Pendleton ,0,0,0,0,0,0,0,0,0,0,0,0,0,0,0,0,0,0,0,0,0,0,0,1,0,0,0,0,0,0,0,0,0,0,0,1,-89.6533966,32.7128983,-84.3602982,-84.3602982,"Pendleton, KY",Pendleton
Perry  AL,AL,Perry ,0,0,0,0,0,0,0,0,0,0,0,1,0,0,0,0,0,0,0,0,0,0,0,0,0,0,0,0,0,0,0,0,0,0,0,0,-80.8646011,33.8778992,-87.2944031,-87.2944031,"Perry, AL",Perry
Perry  KY,KY,Perry ,0,0,0,0,0,0,0,1,0,0,0,0,1,0,1,0,0,0,0,0,0,0,0,2,1,0,0,0,0,0,0,0,0,0,1,1,-89.6533966,32.7128983,-83.2214966,-83.2214966,"Perry, KY",Perry
Perry  TN,TN,Perry ,0,0,0,0,0,0,0,0,0,0,0,0,1,0,0,0,0,0,0,0,0,0,0,0,0,1,0,0,0,0,0,0,0,0,0,0,-85.2906036,37.5265999,-87.8590012,-87.8590012,"Perry, TN",Perry
Pickens  AL,AL,Pickens ,0,0,0,0,0,0,0,0,0,0,0,0,0,0,0,0,1,0,0,0,0,0,0,0,0,0,0,0,0,0,0,0,0,0,0,0,-80.8646011,33.8778992,-88.0886993,-88.0886993,"Pickens, AL",Pickens
Pickett  TN,TN,Pickett ,0,0,0,0,0,0,0,0,0,0,0,0,1,0,0,0,0,0,0,0,0,0,0,0,0,0,0,0,0,0,0,0,0,0,0,0,-85.2906036,37.5265999,-85.0749969,-85.0749969,"Pickett, TN",Pickett
Pierce  GA,GA,Pierce ,0,0,0,0,0,0,0,0,0,0,0,0,0,0,0,0,0,0,0,0,0,0,0,0,0,1,0,0,0,0,0,0,0,0,0,0,-86.8444977,32.7569008,-82.2126999,-82.2126999,"Pierce, GA",Pierce
Pike  AL,AL,Pike ,0,0,0,0,0,0,0,0,0,0,0,0,1,0,0,0,0,0,0,0,0,0,0,0,0,0,0,0,0,0,0,0,0,0,0,0,-80.8646011,33.8778992,-85.9409027,-85.9409027,"Pike, AL",Pike
Pike  KY,KY,Pike ,0,0,0,0,0,0,0,1,0,1,1,0,1,0,1,1,1,0,0,0,0,0,0,3,0,0,0,0,0,0,0,0,0,0,2,1,-89.6533966,32.7128983,-82.3958969,-82.3958969,"Pike, KY",Pike
Polk  GA,GA,Polk ,0,0,0,0,0,0,0,0,0,0,0,0,0,0,0,0,1,0,0,0,0,0,0,0,0,0,0,0,0,0,0,0,0,0,0,0,-86.8444977,32.7569008,-85.1882019,-85.1882019,"Polk, GA",Polk
Polk  NC,NC,Polk ,0,0,0,0,0,0,0,0,0,0,0,0,0,0,1,0,0,0,0,0,0,0,0,0,0,0,0,0,0,0,0,0,1,0,0,0,-83.4271011,32.6385994,-82.1697006,-82.1697006,"Polk, NC",Polk
Polk  TN,TN,Polk ,0,0,0,0,0,0,0,0,0,0,0,0,0,0,0,0,0,0,0,0,0,0,0,0,2,0,0,1,0,0,0,0,0,0,0,0,-85.2906036,37.5265999,-84.5233002,-84.5233002,"Polk, TN",Polk
Powell  KY,KY,Powell ,0,0,0,0,0,0,0,1,0,0,0,0,0,0,0,1,0,0,0,0,0,0,0,1,0,0,0,0,0,0,0,0,0,0,1,1,-89.6533966,32.7128983,-83.8237991,-83.8237991,"Powell, KY",Powell
Pulaski  KY,KY,Pulaski ,0,0,0,0,0,0,0,0,0,0,0,0,1,0,0,0,0,0,0,0,0,0,0,0,0,0,0,0,0,0,0,0,0,0,0,0,-89.6533966,32.7128983,-84.5772018,-84.5772018,"Pulaski, KY",Pulaski
Putnam  TN,TN,Putnam ,0,0,0,0,0,0,0,0,0,0,0,0,1,0,0,0,0,0,0,0,0,0,0,0,0,0,0,1,0,0,0,0,0,0,0,0,-85.2906036,37.5265999,-85.4952011,-85.4952011,"Putnam, TN",Putnam
Rabun  GA,GA,Rabun ,0,0,0,0,0,0,0,0,0,0,0,0,0,1,0,0,0,0,0,0,0,0,0,0,0,0,0,0,0,0,0,0,0,0,0,0,-86.8444977,32.7569008,-83.4020996,-83.4020996,"Rabun, GA",Rabun
Randolph  AL,AL,Randolph ,0,0,0,0,0,0,0,0,0,0,0,0,0,0,0,0,2,0,0,0,0,0,0,0,0,0,0,0,0,0,0,0,0,0,0,0,-80.8646011,33.8778992,-85.4590988,-85.4590988,"Randolph, AL",Randolph
Rhea  TN,TN,Rhea ,0,0,0,0,0,0,0,0,0,0,0,1,0,0,0,0,0,0,0,0,0,0,0,0,1,0,0,0,0,0,0,0,0,0,0,0,-85.2906036,37.5265999,-84.9244003,-84.9244003,"Rhea, TN",Rhea
Richland  SC,SC,Richland ,0,0,0,0,0,0,0,0,0,0,0,0,0,0,0,0,0,0,0,0,0,0,0,0,0,0,0,0,0,0,0,0,0,0,1,0,-86.343399,35.8429985,-80.9030991,-80.9030991,"Richland, SC",Richland
Richmond  GA,GA,Richmond ,0,0,0,0,0,0,0,0,0,0,0,0,0,0,0,0,0,0,0,0,0,0,0,0,1,0,0,0,0,0,0,0,0,0,0,0,-86.8444977,32.7569008,-82.0735016,-82.0735016,"Richmond, GA",Richmond
Roane  TN,TN,Roane ,0,0,0,0,0,0,0,0,0,0,0,2,0,0,1,0,0,0,0,0,0,0,0,0,1,0,0,0,0,0,0,0,0,0,0,0,-85.2906036,37.5265999,-84.523201,-84.523201,"Roane, TN",Roane
Robertson  KY,KY,Robertson ,0,0,0,0,0,0,0,0,0,0,0,0,0,0,0,0,0,0,0,0,0,0,0,0,0,0,0,0,0,0,0,0,0,0,1,0,-89.6533966,32.7128983,-84.052002,-84.052002,"Robertson, KY",Robertson
Robertson  TN,TN,Robertson ,0,0,0,0,0,0,0,0,0,0,0,0,1,0,0,0,0,0,0,0,0,0,0,0,0,0,0,0,0,0,0,0,0,0,0,0,-85.2906036,37.5265999,-86.8705978,-86.8705978,"Robertson, TN",Robertson
Rockcastle  KY,KY,Rockcastle ,0,0,0,0,0,0,0,0,0,0,0,0,0,0,0,0,0,0,0,0,0,0,0,1,1,0,0,0,0,0,0,0,0,0,1,0,-89.6533966,32.7128983,-84.3159027,-84.3159027,"Rockcastle, KY",Rockcastle
Rowan  KY,KY,Rowan ,0,0,0,0,0,0,0,0,0,0,0,0,0,0,0,1,0,0,0,0,0,0,0,1,0,0,0,0,0,0,0,0,0,0,2,0,-89.6533966,32.7128983,-83.4210968,-83.4210968,"Rowan, KY",Rowan
Rutherford  NC,NC,Rutherford ,0,0,0,0,0,0,0,0,0,0,0,0,0,0,1,0,0,0,0,0,0,0,0,0,0,0,0,0,0,0,0,0,0,0,0,0,-83.4271011,32.6385994,-81.9197998,-81.9197998,"Rutherford, NC",Rutherford
Rutherford  TN,TN,Rutherford ,0,0,0,0,0,0,0,0,0,0,0,1,1,0,0,0,0,0,0,0,0,0,0,0,0,0,0,0,0,0,0,0,0,0,0,0,-85.2906036,37.5265999,-86.4167023,-86.4167023,"Rutherford, TN",Rutherford
Saginaw  MI,MI,Saginaw ,0,0,0,0,0,0,0,0,0,0,0,1,1,0,0,0,0,0,0,0,0,1,1,0,0,0,0,0,0,0,0,0,1,0,0,0,,,,,"Saginaw, MI",Saginaw
Saluda  SC,SC,Saluda ,0,0,0,0,0,0,0,0,0,0,0,0,0,0,0,0,0,0,0,0,0,0,0,0,0,0,0,0,0,0,0,0,0,0,1,0,-86.343399,35.8429985,-81.7268982,-81.7268982,"Saluda, SC",Saluda
Sanilac  MI,MI,Sanilac ,0,0,0,0,0,0,0,0,0,0,0,1,0,0,0,0,0,0,0,0,0,1,1,0,0,0,0,0,0,0,0,0,0,0,0,0,,,,,"Sanilac, MI",Sanilac
Santa Rosa  FL,FL,Santa Rosa ,0,0,0,0,0,0,0,0,0,1,0,0,1,0,0,0,1,0,0,0,0,0,0,0,1,0,0,1,0,0,0,0,0,0,0,0,-79.1308975,35.526001,-87.0184021,-87.0184021,"Santa Rosa, FL",Santa Rosa
Sarasota  FL,FL,Sarasota ,0,0,0,0,0,0,0,0,0,0,0,0,0,0,0,0,0,0,0,1,0,0,0,0,0,0,1,0,0,0,0,0,0,0,0,0,-79.1308975,35.526001,-82.3649979,-82.3649979,"Sarasota, FL",Sarasota
Scott  KY,KY,Scott ,0,0,0,0,0,0,0,0,0,0,0,0,0,0,0,0,0,0,0,0,0,0,0,0,0,0,0,0,0,0,0,0,0,0,1,0,-89.6533966,32.7128983,-84.5839005,-84.5839005,"Scott, KY",Scott
Scott  TN,TN,Scott ,0,0,0,0,0,0,0,0,0,0,1,1,1,0,1,0,0,0,0,0,0,0,0,0,0,0,0,0,0,0,0,0,0,0,0,0,-85.2906036,37.5265999,-84.5035019,-84.5035019,"Scott, TN",Scott
Screven  GA,GA,Screven ,0,0,0,0,0,0,0,0,0,0,0,0,0,0,0,0,0,0,0,0,0,0,0,0,1,0,0,0,0,0,0,0,0,0,0,0,-86.8444977,32.7569008,-81.6119003,-81.6119003,"Screven, GA",Screven
Sequatchie  TN,TN,Sequatchie ,0,0,0,0,0,0,0,0,0,0,0,1,0,0,0,0,0,0,0,0,0,0,0,0,0,0,0,0,0,0,0,0,0,0,0,0,-85.2906036,37.5265999,-85.4105988,-85.4105988,"Sequatchie, TN",Sequatchie
Sevier  TN,TN,Sevier ,0,0,0,0,0,0,0,0,0,0,1,1,0,0,0,0,0,0,0,0,0,0,0,0,0,0,0,1,0,0,0,0,0,0,0,0,-85.2906036,37.5265999,-83.5242004,-83.5242004,"Sevier, TN",Sevier
Shelby  AL,AL,Shelby ,0,0,0,0,0,0,0,0,0,0,0,1,1,0,0,0,1,0,0,0,0,0,0,0,0,0,0,0,0,0,0,0,0,0,0,0,-80.8646011,33.8778992,-86.6606979,-86.6606979,"Shelby, AL",Shelby
Shelby  TN,TN,Shelby ,0,0,0,0,0,0,0,0,0,0,0,1,0,0,0,0,0,0,0,0,0,0,0,0,0,0,0,0,0,0,0,1,0,0,0,0,-85.2906036,37.5265999,-89.8955994,-89.8955994,"Shelby, TN",Shelby
Shiawassee  MI,MI,Shiawassee ,0,0,0,0,0,0,0,0,0,0,0,0,2,0,0,0,0,0,0,0,0,1,1,0,0,0,0,0,0,0,0,0,0,0,0,0,,,,,"Shiawassee, MI",Shiawassee
Simpson  KY,KY,Simpson ,0,0,0,0,0,0,0,0,1,0,0,0,1,0,0,0,0,0,0,0,0,0,0,0,0,0,0,0,0,0,0,0,0,0,0,0,-89.6533966,32.7128983,-86.5822983,-86.5822983,"Simpson, KY",Simpson
Smith  TN,TN,Smith ,0,0,0,0,0,0,0,0,0,0,0,0,1,0,0,0,0,0,0,1,0,0,0,0,0,0,0,0,0,0,0,0,0,0,0,0,-85.2906036,37.5265999,-85.9567032,-85.9567032,"Smith, TN",Smith
Spartanburg  SC,SC,Spartanburg ,0,0,0,0,0,0,0,0,0,0,0,0,0,0,0,0,0,0,0,0,0,0,0,0,1,0,0,0,0,0,0,0,0,0,1,0,-86.343399,35.8429985,-81.990799,-81.990799,"Spartanburg, SC",Spartanburg
Spencer  KY,KY,Spencer ,0,0,0,0,0,0,0,0,0,0,0,0,0,0,0,0,0,0,0,0,0,0,0,0,0,0,0,0,0,0,0,0,0,0,2,1,-89.6533966,32.7128983,-85.3279037,-85.3279037,"Spencer, KY",Spencer
St. Clair  AL,AL,St. Clair ,0,0,0,0,0,0,0,0,0,0,0,1,1,0,1,0,1,0,0,0,0,0,0,0,0,0,0,0,0,0,0,0,0,0,0,0,-80.8646011,33.8778992,-86.3145981,-86.3145981,"St. Clair, AL",St. Clair
St. Clair  MI,MI,St. Clair ,0,0,0,0,0,0,0,0,0,0,1,1,1,0,0,0,0,0,0,0,0,0,0,0,0,0,0,0,0,0,0,0,0,0,0,0,,,,,"St. Clair, MI",St. Clair
St. Joseph  MI,MI,St. Joseph ,0,0,0,0,0,0,0,0,0,0,0,0,0,0,0,0,0,1,0,0,0,0,0,0,0,0,0,0,0,0,0,0,0,0,0,0,,,,,"St. Joseph, MI",St. Joseph
St. Lucie  FL,FL,St. Lucie ,0,0,0,0,0,0,0,0,0,0,0,0,0,0,0,0,0,0,0,0,0,0,0,0,0,0,0,0,1,0,0,0,0,0,0,0,-79.1308975,35.526001,-80.4456024,-80.4456024,"St. Lucie, FL",St. Lucie
Stephens  GA,GA,Stephens ,0,0,0,0,0,0,0,0,0,0,0,0,0,1,1,0,0,0,0,0,0,0,0,0,0,0,0,0,0,0,0,0,0,0,0,0,-86.8444977,32.7569008,-83.2934036,-83.2934036,"Stephens, GA",Stephens
Stewart  TN,TN,Stewart ,0,0,0,0,0,0,0,0,0,0,0,0,1,0,0,0,0,0,0,0,0,0,0,0,0,0,0,0,0,0,0,1,0,0,0,0,-85.2906036,37.5265999,-87.838501,-87.838501,"Stewart, TN",Stewart
Sullivan  TN,TN,Sullivan ,0,0,0,0,0,0,0,0,0,0,0,1,0,0,0,0,0,0,0,0,0,0,0,0,0,0,0,0,0,0,0,0,0,0,0,0,-85.2906036,37.5265999,-82.3041,-82.3041,"Sullivan, TN",Sullivan
Sumner  TN,TN,Sumner ,0,0,0,0,0,0,0,0,1,0,0,0,1,0,0,0,0,0,0,0,0,0,0,0,0,0,0,0,0,0,0,0,0,0,0,0,-85.2906036,37.5265999,-86.4604034,-86.4604034,"Sumner, TN",Sumner
Sumter  AL,AL,Sumter ,0,0,0,0,0,0,0,0,0,0,0,0,0,0,0,0,1,0,0,0,0,0,0,0,0,0,0,0,0,0,0,0,0,0,0,0,-80.8646011,33.8778992,-88.1987991,-88.1987991,"Sumter, AL",Sumter
Sumter  SC,SC,Sumter ,0,0,0,0,0,0,0,0,0,0,0,0,0,0,0,0,0,0,0,0,0,0,0,0,1,0,0,0,0,0,0,0,0,0,1,0,-86.343399,35.8429985,-80.3823013,-80.3823013,"Sumter, SC",Sumter
Surry  NC,NC,Surry ,0,0,0,0,0,0,0,0,0,0,0,0,0,0,0,0,1,0,0,0,0,0,0,0,0,0,0,0,0,0,0,0,0,0,0,0,-83.4271011,32.6385994,-80.6881027,-80.6881027,"Surry, NC",Surry
Suwannee  FL,FL,Suwannee ,0,0,0,0,0,0,0,0,0,0,0,1,0,0,0,0,0,0,0,0,0,0,0,0,0,0,0,0,0,0,0,0,0,0,0,0,-79.1308975,35.526001,-82.9915009,-82.9915009,"Suwannee, FL",Suwannee
Swain  NC,NC,Swain ,0,0,0,0,0,0,0,0,0,0,0,0,0,0,0,0,0,0,0,0,0,0,0,0,0,0,0,0,1,0,0,0,0,0,0,0,-83.4271011,32.6385994,-83.4926987,-83.4926987,"Swain, NC",Swain
Talladega  AL,AL,Talladega ,0,0,0,0,0,0,0,0,0,0,0,1,0,0,1,0,2,0,0,0,0,0,0,0,0,0,0,0,0,0,0,0,0,0,0,0,-80.8646011,33.8778992,-86.1659012,-86.1659012,"Talladega, AL",Talladega
Tallapoosa  AL,AL,Tallapoosa ,0,0,0,0,0,0,0,0,0,0,0,0,0,0,0,0,1,0,0,0,0,0,0,0,0,0,0,0,0,0,0,0,0,0,0,0,-80.8646011,33.8778992,-85.7975006,-85.7975006,"Tallapoosa, AL",Tallapoosa
Tattnall  GA,GA,Tattnall ,0,0,0,0,0,0,1,0,0,0,0,0,0,0,0,0,0,0,0,0,0,0,0,0,0,0,0,0,0,0,0,0,0,0,0,0,-86.8444977,32.7569008,-82.058197,-82.058197,"Tattnall, GA",Tattnall
Taylor  GA,GA,Taylor ,0,0,0,0,0,0,1,0,0,0,0,0,0,0,0,0,0,0,0,0,0,0,0,0,0,0,0,0,0,0,0,0,0,0,0,0,-86.8444977,32.7569008,-84.2505035,-84.2505035,"Taylor, GA",Taylor
Thomas  GA,GA,Thomas ,0,0,0,0,0,0,0,0,0,0,0,0,0,0,0,0,0,0,0,0,0,0,0,0,0,1,0,0,0,0,0,0,0,0,0,0,-86.8444977,32.7569008,-83.9192963,-83.9192963,"Thomas, GA",Thomas
Tipton  TN,TN,Tipton ,0,0,0,0,0,0,0,0,0,0,0,1,1,0,0,0,0,0,0,0,0,0,0,0,0,0,0,0,0,0,0,0,0,0,0,0,-85.2906036,37.5265999,-89.759201,-89.759201,"Tipton, TN",Tipton
Todd  KY,KY,Todd ,0,0,0,0,0,0,0,0,1,0,0,0,0,0,0,0,0,0,0,0,0,0,0,0,0,0,0,0,0,0,0,0,0,0,0,0,-89.6533966,32.7128983,-87.1791992,-87.1791992,"Todd, KY",Todd
Toombs  GA,GA,Toombs ,0,0,0,0,0,0,1,0,0,0,0,0,0,0,0,0,0,0,0,0,0,0,0,0,0,0,0,0,0,0,0,0,0,0,0,0,-86.8444977,32.7569008,-82.3312988,-82.3312988,"Toombs, GA",Toombs
Transylvania  NC,NC,Transylvania ,0,0,0,0,0,0,0,0,0,0,0,0,0,0,0,0,0,0,0,0,0,0,0,0,0,0,0,0,1,0,0,0,0,0,0,0,-83.4271011,32.6385994,-82.7983017,-82.7983017,"Transylvania, NC",Transylvania
Treutlen  GA,GA,Treutlen ,0,0,0,0,0,0,1,0,0,0,0,0,0,0,0,0,0,0,0,0,0,0,0,0,0,0,0,0,0,0,0,0,0,0,0,0,-86.8444977,32.7569008,-82.5672989,-82.5672989,"Treutlen, GA",Treutlen
Trigg  KY,KY,Trigg ,0,0,0,0,0,0,0,0,0,0,0,0,0,0,0,0,0,0,0,0,0,0,0,1,0,0,0,0,0,0,0,0,0,0,1,1,-89.6533966,32.7128983,-87.8733978,-87.8733978,"Trigg, KY",Trigg
Trimble  KY,KY,Trimble ,0,0,0,0,0,0,0,0,0,0,0,0,0,0,0,1,0,0,0,0,0,0,0,1,1,0,0,0,0,0,0,0,0,0,0,1,-89.6533966,32.7128983,-85.3376007,-85.3376007,"Trimble, KY",Trimble
Trousdale  TN,TN,Trousdale ,0,0,0,0,0,0,0,0,0,0,0,0,1,0,0,0,0,0,0,0,0,0,0,0,0,0,0,0,0,0,0,0,0,0,0,0,-85.2906036,37.5265999,-86.1567993,-86.1567993,"Trousdale, TN",Trousdale
Tuscaloosa  AL,AL,Tuscaloosa ,0,0,0,0,0,0,0,0,0,0,0,0,1,0,0,0,1,0,0,0,0,0,0,0,0,0,0,0,0,0,0,0,0,0,0,0,-80.8646011,33.8778992,-87.5250015,-87.5250015,"Tuscaloosa, AL",Tuscaloosa
Tuscola  MI,MI,Tuscola ,0,0,0,0,0,0,0,0,0,0,1,1,0,0,0,0,0,0,0,0,0,1,1,0,0,0,0,0,0,0,0,0,0,0,0,0,,,,,"Tuscola, MI",Tuscola
Unicoi  TN,TN,Unicoi ,0,0,0,0,0,0,0,0,0,0,0,1,0,0,1,0,0,0,0,0,1,0,0,0,0,0,0,1,0,0,0,0,0,0,0,0,-85.2906036,37.5265999,-82.4322968,-82.4322968,"Unicoi, TN",Unicoi
Union  KY,KY,Union ,0,0,0,0,0,0,0,0,0,0,0,0,0,0,0,0,0,0,0,0,0,0,0,0,0,0,0,0,0,0,0,0,0,0,0,1,-89.6533966,32.7128983,-87.9453964,-87.9453964,"Union, KY",Union
Union  SC,SC,Union ,0,0,0,0,0,0,0,0,0,0,0,0,0,0,0,0,0,0,0,0,0,0,0,0,1,0,0,0,0,0,0,0,0,0,0,0,-86.343399,35.8429985,-81.6194,-81.6194,"Union, SC",Union
Union  TN,TN,Union ,0,0,0,0,0,0,0,0,0,0,0,1,0,0,0,0,0,0,0,0,1,0,0,0,0,0,0,0,0,0,0,0,0,0,0,0,-85.2906036,37.5265999,-83.8375015,-83.8375015,"Union, TN",Union
Van Buren  MI,MI,Van Buren ,0,0,0,0,0,0,0,0,0,0,0,1,1,0,0,0,0,1,0,0,0,0,1,0,0,0,0,0,0,0,0,0,0,0,0,0,,,,,"Van Buren, MI",Van Buren
Van Buren  TN,TN,Van Buren ,0,0,0,0,0,0,0,0,0,0,0,2,0,0,0,0,0,0,0,0,0,0,0,0,1,0,0,1,0,0,0,0,0,0,0,0,-85.2906036,37.5265999,-85.4525986,-85.4525986,"Van Buren, TN",Van Buren
Wakulla  FL,FL,Wakulla ,0,0,0,0,0,0,0,0,0,0,0,1,1,0,0,0,0,0,0,0,0,0,0,0,0,0,0,0,0,0,0,0,0,0,0,0,-79.1308975,35.526001,-84.3756027,-84.3756027,"Wakulla, FL",Wakulla
Walker  AL,AL,Walker ,0,0,0,0,0,0,0,0,0,0,0,0,1,0,0,0,1,0,0,0,0,0,0,0,0,0,0,0,0,0,0,0,0,0,0,0,-80.8646011,33.8778992,-87.2974014,-87.2974014,"Walker, AL",Walker
Walton  FL,FL,Walton ,0,0,0,0,0,0,0,0,0,0,0,0,2,0,0,0,0,0,0,0,0,0,0,0,1,0,0,1,0,0,0,0,0,0,0,0,-79.1308975,35.526001,-86.1715012,-86.1715012,"Walton, FL",Walton
Ware  GA,GA,Ware ,0,0,0,0,0,0,0,0,0,0,0,0,0,0,0,0,0,0,0,0,0,0,0,0,0,1,0,0,0,0,0,0,0,0,0,0,-86.8444977,32.7569008,-82.4236984,-82.4236984,"Ware, GA",Ware
Warren  KY,KY,Warren ,0,0,0,0,0,0,0,0,1,0,0,0,1,0,0,0,0,0,0,0,0,0,0,0,0,0,0,0,0,0,0,0,0,0,0,0,-89.6533966,32.7128983,-86.4237976,-86.4237976,"Warren, KY",Warren
Warren  TN,TN,Warren ,0,0,0,0,0,0,0,0,0,0,0,2,0,0,0,0,0,0,0,0,0,0,0,0,1,0,0,0,0,0,0,0,0,0,0,0,-85.2906036,37.5265999,-85.7785034,-85.7785034,"Warren, TN",Warren
Washington  AL,AL,Washington ,0,0,0,0,0,0,0,0,0,0,0,0,1,0,0,0,0,0,0,0,0,0,0,0,0,0,0,0,0,0,0,0,0,0,0,0,-80.8646011,33.8778992,-88.207901,-88.207901,"Washington, AL",Washington
Washington  FL,FL,Washington ,0,0,0,0,0,0,0,0,0,0,0,0,2,0,0,0,0,0,0,0,0,0,0,0,1,0,0,1,0,0,0,0,0,0,0,0,-79.1308975,35.526001,-85.6652985,-85.6652985,"Washington, FL",Washington
Washington  GA,GA,Washington ,0,0,0,0,0,0,1,0,0,0,0,0,0,0,0,0,0,0,0,0,0,0,0,0,0,0,0,0,0,0,0,0,0,0,0,0,-86.8444977,32.7569008,-82.7958984,-82.7958984,"Washington, GA",Washington
Washington  KY,KY,Washington ,0,0,0,0,0,0,0,0,0,0,0,0,0,0,0,0,0,0,0,0,0,0,0,1,0,0,0,0,0,0,0,0,0,0,1,1,-89.6533966,32.7128983,-85.1746979,-85.1746979,"Washington, KY",Washington
Washington  TN,TN,Washington ,0,0,0,0,0,0,0,0,0,0,0,1,0,0,1,0,0,0,0,0,0,0,0,0,0,0,0,0,0,0,0,0,0,0,0,0,-85.2906036,37.5265999,-82.4973984,-82.4973984,"Washington, TN",Washington
Washtenaw  MI,MI,Washtenaw ,0,0,0,0,0,0,0,0,0,0,0,0,0,0,0,0,0,1,0,0,0,0,0,0,0,0,0,0,0,0,0,0,0,0,0,0,,,,,"Washtenaw, MI",Washtenaw
Watauga  NC,NC,Watauga ,0,0,0,0,0,0,0,0,0,0,0,1,0,0,1,0,0,0,0,0,0,0,0,0,0,0,0,0,1,0,0,0,2,0,0,0,-83.4271011,32.6385994,-81.6964035,-81.6964035,"Watauga, NC",Watauga
Wayne  KY,KY,Wayne ,0,0,0,0,0,0,0,0,0,0,1,0,0,0,0,0,0,0,0,0,0,0,0,0,1,0,0,0,0,0,0,0,0,0,0,0,-89.6533966,32.7128983,-84.828598,-84.828598,"Wayne, KY",Wayne
Wayne  MI,MI,Wayne ,0,0,0,0,0,0,0,0,0,0,1,1,0,0,0,0,0,1,0,0,0,0,0,0,0,0,0,0,0,0,0,0,0,1,0,0,,,,,"Wayne, MI",Wayne
Wayne  TN,TN,Wayne ,0,0,0,0,0,0,0,0,0,0,0,1,1,0,0,0,0,0,0,0,0,0,0,0,0,1,0,0,0,0,0,0,0,0,0,0,-85.2906036,37.5265999,-87.788002,-87.788002,"Wayne, TN",Wayne
Weakley  TN,TN,Weakley ,0,0,0,0,0,0,0,0,0,0,0,0,1,0,0,0,0,0,0,0,0,0,0,0,0,0,0,0,0,0,0,0,0,0,0,0,-85.2906036,37.5265999,-88.7176971,-88.7176971,"Weakley, TN",Weakley
Webster  KY,KY,Webster ,0,0,0,0,0,0,0,0,1,0,0,0,0,0,0,0,0,0,0,0,0,0,0,0,0,0,0,0,0,0,0,0,0,0,1,1,-89.6533966,32.7128983,-87.683197,-87.683197,"Webster, KY",Webster
Wheeler  GA,GA,Wheeler ,0,0,0,0,0,0,1,0,0,0,0,0,0,0,0,0,0,0,0,0,0,0,0,0,0,0,0,0,0,0,0,0,0,0,0,0,-86.8444977,32.7569008,-82.7246017,-82.7246017,"Wheeler, GA",Wheeler
White  TN,TN,White ,0,0,0,0,0,0,0,0,0,0,0,2,1,0,0,0,0,0,0,0,0,0,0,0,0,0,0,0,0,0,0,0,0,0,0,0,-85.2906036,37.5265999,-85.4552002,-85.4552002,"White, TN",White
Whitley  KY,KY,Whitley ,0,0,0,0,0,0,0,0,0,0,0,0,1,0,1,0,0,0,0,0,0,0,0,1,0,0,0,0,0,0,0,0,0,0,2,1,-89.6533966,32.7128983,-84.1452026,-84.1452026,"Whitley, KY",Whitley
Wilcox  AL,AL,Wilcox ,0,0,0,0,0,0,0,0,0,0,0,0,1,0,0,0,0,0,0,0,0,0,0,0,0,0,0,0,0,0,0,0,0,0,0,0,-80.8646011,33.8778992,-87.308197,-87.308197,"Wilcox, AL",Wilcox
Wilkes  NC,NC,Wilkes ,0,0,0,0,0,0,0,0,0,0,0,0,0,0,1,0,0,0,0,0,0,0,0,0,0,0,0,0,1,0,0,0,1,0,0,0,-83.4271011,32.6385994,-81.1633987,-81.1633987,"Wilkes, NC",Wilkes
Williamsburg  SC,SC,Williamsburg ,0,0,0,0,0,0,0,0,0,0,0,0,0,0,0,0,0,0,0,0,0,0,0,0,0,0,0,0,0,1,0,0,0,0,1,0,-86.343399,35.8429985,-79.7276993,-79.7276993,"Williamsburg, SC",Williamsburg
Williamson  TN,TN,Williamson ,0,0,0,0,0,0,0,0,0,0,0,0,1,0,0,0,0,0,0,0,0,0,0,0,0,0,0,0,0,0,0,0,0,0,0,0,-85.2906036,37.5265999,-86.8986969,-86.8986969,"Williamson, TN",Williamson
Winston  AL,AL,Winston ,0,0,0,0,0,0,0,0,0,0,0,0,1,0,0,0,0,0,0,0,0,0,0,0,1,0,0,0,0,0,0,0,0,0,0,0,-80.8646011,33.8778992,-87.373703,-87.373703,"Winston, AL",Winston
Wolfe  KY,KY,Wolfe ,0,0,0,0,0,0,0,0,0,0,0,0,0,0,0,1,0,0,0,0,0,0,0,1,1,0,0,0,0,0,0,0,0,0,1,1,-89.6533966,32.7128983,-83.4932022,-83.4932022,"Wolfe, KY",Wolfe
Woodford  KY,KY,Woodford ,0,0,0,0,0,0,0,0,0,0,0,0,0,0,0,1,0,0,0,0,0,0,0,1,0,0,0,0,0,0,0,0,0,0,1,0,-89.6533966,32.7128983,-84.7435989,-84.7435989,"Woodford, KY",Woodford
Yancey  NC,NC,Yancey ,0,0,0,0,0,0,0,0,0,0,0,0,0,0,1,0,0,0,0,0,0,0,0,0,0,0,0,0,1,0,0,0,1,0,0,0,-83.4271011,32.6385994,-82.3076019,-82.3076019,"Yancey, NC",Yancey
,,,,,,,,,,,,,,,,,,,,,,,,,,,,,,,,,,,,,,,,,,,,
,,,,,,,,,,,,,,,,,,,,,,,,,,,,,,,,,,,,,,,,,,,,
,,,,,,,,,,,,,,,,,,,,,,,,,,,,,,,,,,,,,,,,,,,,
,,,,,,,,,,,,,,,,,,,,,,,,,,,,,,,,,,,,,,,,,,,,
,,,,,,,,,,,,,,,,,,,,,,,,,,,,,,,,,,,,,,,,,,,,
,,,,,,,,,,,,,,,,,,,,,,,,,,,,,,,,,,,,,,,,,,,,
,,,,,,,,,,,,,,,,,,,,,,,,,,,,,,,,,,,,,,,,,,,,
,,,,,,,,,,,,,,,,,,,,,,,,,,,,,,,,,,,,,,,,,,,,
,,,,,,,,,,,,,,,,,,,,,,,,,,,,,,,,,,,,,,,,,,,,
,,,,,,,,,,,,,,,,,,,,,,,,,,,,,,,,,,,,,,,,,,,,
,,,,,,,,,,,,,,,,,,,,,,,,,,,,,,,,,,,,,,,,,,,,
,,,,,,,,,,,,,,,,,,,,,,,,,,,,,,,,,,,,,,,,,,,,
,,,,,,,,,,,,,,,,,,,,,,,,,,,,,,,,,,,,,,,,,,,,
,,,,,,,,,,,,,,,,,,,,,,,,,,,,,,,,,,,,,,,,,,,,
,,,,,,,,,,,,,,,,,,,,,,,,,,,,,,,,,,,,,,,,,,,,
,,,,,,,,,,,,,,,,,,,,,,,,,,,,,,,,,,,,,,,,,,,,
,,,,,,,,,,,,,,,,,,,,,,,,,,,,,,,,,,,,,,,,,,,,
,,,,,,,,,,,,,,,,,,,,,,,,,,,,,,,,,,,,,,,,,,,,
,,,,,,,,,,,,,,,,,,,,,,,,,,,,,,,,,,,,,,,,,,,,
,,,,,,,,,,,,,,,,,,,,,,,,,,,,,,,,,,,,,,,,,,,,
,,,,,,,,,,,,,,,,,,,,,,,,,,,,,,,,,,,,,,,,,,,,
,,,,,,,,,,,,,,,,,,,,,,,,,,,,,,,,,,,,,,,,,,,,
,,,,,,,,,,,,,,,,,,,,,,,,,,,,,,,,,,,,,,,,,,,,
,,,,,,,,,,,,,,,,,,,,,,,,,,,,,,,,,,,,,,,,,,,,
,,,,,,,,,,,,,,,,,,,,,,,,,,,,,,,,,,,,,,,,,,,,
,,,,,,,,,,,,,,,,,,,,,,,,,,,,,,,,,,,,,,,,,,,,
,,,,,,,,,,,,,,,,,,,,,,,,,,,,,,,,,,,,,,,,,,,,
,,,,,,,,,,,,,,,,,,,,,,,,,,,,,,,,,,,,,,,,,,,,
,,,,,,,,,,,,,,,,,,,,,,,,,,,,,,,,,,,,,,,,,,,,
,,,,,,,,,,,,,,,,,,,,,,,,,,,,,,,,,,,,,,,,,,,,
,,,,,,,,,,,,,,,,,,,,,,,,,,,,,,,,,,,,,,,,,,,,
,,,,,,,,,,,,,,,,,,,,,,,,,,,,,,,,,,,,,,,,,,,,
,,,,,,,,,,,,,,,,,,,,,,,,,,,,,,,,,,,,,,,,,,,,
,,,,,,,,,,,,,,,,,,,,,,,,,,,,,,,,,,,,,,,,,,,,
,,,,,,,,,,,,,,,,,,,,,,,,,,,,,,,,,,,,,,,,,,,,
,,,,,,,,,,,,,,,,,,,,,,,,,,,,,,,,,,,,,,,,,,,,
,,,,,,,,,,,,,,,,,,,,,,,,,,,,,,,,,,,,,,,,,,,,
,,,,,,,,,,,,,,,,,,,,,,,,,,,,,,,,,,,,,,,,,,,,
,,,,,,,,,,,,,,,,,,,,,,,,,,,,,,,,,,,,,,,,,,,,
,,,,,,,,,,,,,,,,,,,,,,,,,,,,,,,,,,,,,,,,,,,,
,,,,,,,,,,,,,,,,,,,,,,,,,,,,,,,,,,,,,,,,,,,,
,,,,,,,,,,,,,,,,,,,,,,,,,,,,,,,,,,,,,,,,,,,,
,,,,,,,,,,,,,,,,,,,,,,,,,,,,,,,,,,,,,,,,,,,,
,,,,,,,,,,,,,,,,,,,,,,,,,,,,,,,,,,,,,,,,,,,,
,,,,,,,,,,,,,,,,,,,,,,,,,,,,,,,,,,,,,,,,,,,,
,,,,,,,,,,,,,,,,,,,,,,,,,,,,,,,,,,,,,,,,,,,,
,,,,,,,,,,,,,,,,,,,,,,,,,,,,,,,,,,,,,,,,,,,,
,,,,,,,,,,,,,,,,,,,,,,,,,,,,,,,,,,,,,,,,,,,,
,,,,,,,,,,,,,,,,,,,,,,,,,,,,,,,,,,,,,,,,,,,,
,,,,,,,,,,,,,,,,,,,,,,,,,,,,,,,,,,,,,,,,,,,,
,,,,,,,,,,,,,,,,,,,,,,,,,,,,,,,,,,,,,,,,,,,,
,,,,,,,,,,,,,,,,,,,,,,,,,,,,,,,,,,,,,,,,,,,,
,,,,,,,,,,,,,,,,,,,,,,,,,,,,,,,,,,,,,,,,,,,,
,,,,,,,,,,,,,,,,,,,,,,,,,,,,,,,,,,,,,,,,,,,,
,,,,,,,,,,,,,,,,,,,,,,,,,,,,,,,,,,,,,,,,,,,,
,,,,,,,,,,,,,,,,,,,,,,,,,,,,,,,,,,,,,,,,,,,,
,,,,,,,,,,,,,,,,,,,,,,,,,,,,,,,,,,,,,,,,,,,,
,,,,,,,,,,,,,,,,,,,,,,,,,,,,,,,,,,,,,,,,,,,,
,,,,,,,,,,,,,,,,,,,,,,,,,,,,,,,,,,,,,,,,,,,,
,,,,,,,,,,,,,,,,,,,,,,,,,,,,,,,,,,,,,,,,,,,,
,,,,,,,,,,,,,,,,,,,,,,,,,,,,,,,,,,,,,,,,,,,,
,,,,,,,,,,,,,,,,,,,,,,,,,,,,,,,,,,,,,,,,,,,,
,,,,,,,,,,,,,,,,,,,,,,,,,,,,,,,,,,,,,,,,,,,,
,,,,,,,,,,,,,,,,,,,,,,,,,,,,,,,,,,,,,,,,,,,,
,,,,,,,,,,,,,,,,,,,,,,,,,,,,,,,,,,,,,,,,,,,,
,,,,,,,,,,,,,,,,,,,,,,,,,,,,,,,,,,,,,,,,,,,,
,,,,,,,,,,,,,,,,,,,,,,,,,,,,,,,,,,,,,,,,,,,,
,,,,,,,,,,,,,,,,,,,,,,,,,,,,,,,,,,,,,,,,,,,,
,,,,,,,,,,,,,,,,,,,,,,,,,,,,,,,,,,,,,,,,,,,,
,,,,,,,,,,,,,,,,,,,,,,,,,,,,,,,,,,,,,,,,,,,,
,,,,,,,,,,,,,,,,,,,,,,,,,,,,,,,,,,,,,,,,,,,,
,,,,,,,,,,,,,,,,,,,,,,,,,,,,,,,,,,,,,,,,,,,,
,,,,,,,,,,,,,,,,,,,,,,,,,,,,,,,,,,,,,,,,,,,,
,,,,,,,,,,,,,,,,,,,,,,,,,,,,,,,,,,,,,,,,,,,,
,,,,,,,,,,,,,,,,,,,,,,,,,,,,,,,,,,,,,,,,,,,,
,,,,,,,,,,,,,,,,,,,,,,,,,,,,,,,,,,,,,,,,,,,,
,,,,,,,,,,,,,,,,,,,,,,,,,,,,,,,,,,,,,,,,,,,,
,,,,,,,,,,,,,,,,,,,,,,,,,,,,,,,,,,,,,,,,,,,,
,,,,,,,,,,,,,,,,,,,,,,,,,,,,,,,,,,,,,,,,,,,,
,,,,,,,,,,,,,,,,,,,,,,,,,,,,,,,,,,,,,,,,,,,,
,,,,,,,,,,,,,,,,,,,,,,,,,,,,,,,,,,,,,,,,,,,,
,,,,,,,,,,,,,,,,,,,,,,,,,,,,,,,,,,,,,,,,,,,,
,,,,,,,,,,,,,,,,,,,,,,,,,,,,,,,,,,,,,,,,,,,,
,,,,,,,,,,,,,,,,,,,,,,,,,,,,,,,,,,,,,,,,,,,,
,,,,,,,,,,,,,,,,,,,,,,,,,,,,,,,,,,,,,,,,,,,,
,,,,,,,,,,,,,,,,,,,,,,,,,,,,,,,,,,,,,,,,,,,,
,,,,,,,,,,,,,,,,,,,,,,,,,,,,,,,,,,,,,,,,,,,,
,,,,,,,,,,,,,,,,,,,,,,,,,,,,,,,,,,,,,,,,,,,,
,,,,,,,,,,,,,,,,,,,,,,,,,,,,,,,,,,,,,,,,,,,,
,,,,,,,,,,,,,,,,,,,,,,,,,,,,,,,,,,,,,,,,,,,,
,,,,,,,,,,,,,,,,,,,,,,,,,,,,,,,,,,,,,,,,,,,,
,,,,,,,,,,,,,,,,,,,,,,,,,,,,,,,,,,,,,,,,,,,,
,,,,,,,,,,,,,,,,,,,,,,,,,,,,,,,,,,,,,,,,,,,,
,,,,,,,,,,,,,,,,,,,,,,,,,,,,,,,,,,,,,,,,,,,,
,,,,,,,,,,,,,,,,,,,,,,,,,,,,,,,,,,,,,,,,,,,,
,,,,,,,,,,,,,,,,,,,,,,,,,,,,,,,,,,,,,,,,,,,,
,,,,,,,,,,,,,,,,,,,,,,,,,,,,,,,,,,,,,,,,,,,,
,,,,,,,,,,,,,,,,,,,,,,,,,,,,,,,,,,,,,,,,,,,,
,,,,,,,,,,,,,,,,,,,,,,,,,,,,,,,,,,,,,,,,,,,,
,,,,,,,,,,,,,,,,,,,,,,,,,,,,,,,,,,,,,,,,,,,,
,,,,,,,,,,,,,,,,,,,,,,,,,,,,,,,,,,,,,,,,,,,,
,,,,,,,,,,,,,,,,,,,,,,,,,,,,,,,,,,,,,,,,,,,,
,,,,,,,,,,,,,,,,,,,,,,,,,,,,,,,,,,,,,,,,,,,,
,,,,,,,,,,,,,,,,,,,,,,,,,,,,,,,,,,,,,,,,,,,,
,,,,,,,,,,,,,,,,,,,,,,,,,,,,,,,,,,,,,,,,,,,,
,,,,,,,,,,,,,,,,,,,,,,,,,,,,,,,,,,,,,,,,,,,,
,,,,,,,,,,,,,,,,,,,,,,,,,,,,,,,,,,,,,,,,,,,,
,,,,,,,,,,,,,,,,,,,,,,,,,,,,,,,,,,,,,,,,,,,,
,,,,,,,,,,,,,,,,,,,,,,,,,,,,,,,,,,,,,,,,,,,,
,,,,,,,,,,,,,,,,,,,,,,,,,,,,,,,,,,,,,,,,,,,,
,,,,,,,,,,,,,,,,,,,,,,,,,,,,,,,,,,,,,,,,,,,,
,,,,,,,,,,,,,,,,,,,,,,,,,,,,,,,,,,,,,,,,,,,,
,,,,,,,,,,,,,,,,,,,,,,,,,,,,,,,,,,,,,,,,,,,,
,,,,,,,,,,,,,,,,,,,,,,,,,,,,,,,,,,,,,,,,,,,,
,,,,,,,,,,,,,,,,,,,,,,,,,,,,,,,,,,,,,,,,,,,,
,,,,,,,,,,,,,,,,,,,,,,,,,,,,,,,,,,,,,,,,,,,,
,,,,,,,,,,,,,,,,,,,,,,,,,,,,,,,,,,,,,,,,,,,,
,,,,,,,,,,,,,,,,,,,,,,,,,,,,,,,,,,,,,,,,,,,,
,,,,,,,,,,,,,,,,,,,,,,,,,,,,,,,,,,,,,,,,,,,,
,,,,,,,,,,,,,,,,,,,,,,,,,,,,,,,,,,,,,,,,,,,,
,,,,,,,,,,,,,,,,,,,,,,,,,,,,,,,,,,,,,,,,,,,,
,,,,,,,,,,,,,,,,,,,,,,,,,,,,,,,,,,,,,,,,,,,,
,,,,,,,,,,,,,,,,,,,,,,,,,,,,,,,,,,,,,,,,,,,,
,,,,,,,,,,,,,,,,,,,,,,,,,,,,,,,,,,,,,,,,,,,,
,,,,,,,,,,,,,,,,,,,,,,,,,,,,,,,,,,,,,,,,,,,,
,,,,,,,,,,,,,,,,,,,,,,,,,,,,,,,,,,,,,,,,,,,,
,,,,,,,,,,,,,,,,,,,,,,,,,,,,,,,,,,,,,,,,,,,,
,,,,,,,,,,,,,,,,,,,,,,,,,,,,,,,,,,,,,,,,,,,,
,,,,,,,,,,,,,,,,,,,,,,,,,,,,,,,,,,,,,,,,,,,,
,,,,,,,,,,,,,,,,,,,,,,,,,,,,,,,,,,,,,,,,,,,,
,,,,,,,,,,,,,,,,,,,,,,,,,,,,,,,,,,,,,,,,,,,,
,,,,,,,,,,,,,,,,,,,,,,,,,,,,,,,,,,,,,,,,,,,,
,,,,,,,,,,,,,,,,,,,,,,,,,,,,,,,,,,,,,,,,,,,,
,,,,,,,,,,,,,,,,,,,,,,,,,,,,,,,,,,,,,,,,,,,,
,,,,,,,,,,,,,,,,,,,,,,,,,,,,,,,,,,,,,,,,,,,,
,,,,,,,,,,,,,,,,,,,,,,,,,,,,,,,,,,,,,,,,,,,,
,,,,,,,,,,,,,,,,,,,,,,,,,,,,,,,,,,,,,,,,,,,,
,,,,,,,,,,,,,,,,,,,,,,,,,,,,,,,,,,,,,,,,,,,,
,,,,,,,,,,,,,,,,,,,,,,,,,,,,,,,,,,,,,,,,,,,,
,,,,,,,,,,,,,,,,,,,,,,,,,,,,,,,,,,,,,,,,,,,,
,,,,,,,,,,,,,,,,,,,,,,,,,,,,,,,,,,,,,,,,,,,,
,,,,,,,,,,,,,,,,,,,,,,,,,,,,,,,,,,,,,,,,,,,,
,,,,,,,,,,,,,,,,,,,,,,,,,,,,,,,,,,,,,,,,,,,,
,,,,,,,,,,,,,,,,,,,,,,,,,,,,,,,,,,,,,,,,,,,,
,,,,,,,,,,,,,,,,,,,,,,,,,,,,,,,,,,,,,,,,,,,,
,,,,,,,,,,,,,,,,,,,,,,,,,,,,,,,,,,,,,,,,,,,,
,,,,,,,,,,,,,,,,,,,,,,,,,,,,,,,,,,,,,,,,,,,,
,,,,,,,,,,,,,,,,,,,,,,,,,,,,,,,,,,,,,,,,,,,,
,,,,,,,,,,,,,,,,,,,,,,,,,,,,,,,,,,,,,,,,,,,,
,,,,,,,,,,,,,,,,,,,,,,,,,,,,,,,,,,,,,,,,,,,,
,,,,,,,,,,,,,,,,,,,,,,,,,,,,,,,,,,,,,,,,,,,,
,,,,,,,,,,,,,,,,,,,,,,,,,,,,,,,,,,,,,,,,,,,,
,,,,,,,,,,,,,,,,,,,,,,,,,,,,,,,,,,,,,,,,,,,,
,,,,,,,,,,,,,,,,,,,,,,,,,,,,,,,,,,,,,,,,,,,,
,,,,,,,,,,,,,,,,,,,,,,,,,,,,,,,,,,,,,,,,,,,,
,,,,,,,,,,,,,,,,,,,,,,,,,,,,,,,,,,,,,,,,,,,,
,,,,,,,,,,,,,,,,,,,,,,,,,,,,,,,,,,,,,,,,,,,,
,,,,,,,,,,,,,,,,,,,,,,,,,,,,,,,,,,,,,,,,,,,,
,,,,,,,,,,,,,,,,,,,,,,,,,,,,,,,,,,,,,,,,,,,,
,,,,,,,,,,,,,,,,,,,,,,,,,,,,,,,,,,,,,,,,,,,,
,,,,,,,,,,,,,,,,,,,,,,,,,,,,,,,,,,,,,,,,,,,,
,,,,,,,,,,,,,,,,,,,,,,,,,,,,,,,,,,,,,,,,,,,,
,,,,,,,,,,,,,,,,,,,,,,,,,,,,,,,,,,,,,,,,,,,,
,,,,,,,,,,,,,,,,,,,,,,,,,,,,,,,,,,,,,,,,,,,,
,,,,,,,,,,,,,,,,,,,,,,,,,,,,,,,,,,,,,,,,,,,,
,,,,,,,,,,,,,,,,,,,,,,,,,,,,,,,,,,,,,,,,,,,,
,,,,,,,,,,,,,,,,,,,,,,,,,,,,,,,,,,,,,,,,,,,,
,,,,,,,,,,,,,,,,,,,,,,,,,,,,,,,,,,,,,,,,,,,,
,,,,,,,,,,,,,,,,,,,,,,,,,,,,,,,,,,,,,,,,,,,,
,,,,,,,,,,,,,,,,,,,,,,,,,,,,,,,,,,,,,,,,,,,,
,,,,,,,,,,,,,,,,,,,,,,,,,,,,,,,,,,,,,,,,,,,,
,,,,,,,,,,,,,,,,,,,,,,,,,,,,,,,,,,,,,,,,,,,,
,,,,,,,,,,,,,,,,,,,,,,,,,,,,,,,,,,,,,,,,,,,,
,,,,,,,,,,,,,,,,,,,,,,,,,,,,,,,,,,,,,,,,,,,,
,,,,,,,,,,,,,,,,,,,,,,,,,,,,,,,,,,,,,,,,,,,,
,,,,,,,,,,,,,,,,,,,,,,,,,,,,,,,,,,,,,,,,,,,,
,,,,,,,,,,,,,,,,,,,,,,,,,,,,,,,,,,,,,,,,,,,,
,,,,,,,,,,,,,,,,,,,,,,,,,,,,,,,,,,,,,,,,,,,,
,,,,,,,,,,,,,,,,,,,,,,,,,,,,,,,,,,,,,,,,,,,,
,,,,,,,,,,,,,,,,,,,,,,,,,,,,,,,,,,,,,,,,,,,,
,,,,,,,,,,,,,,,,,,,,,,,,,,,,,,,,,,,,,,,,,,,,
,,,,,,,,,,,,,,,,,,,,,,,,,,,,,,,,,,,,,,,,,,,,
,,,,,,,,,,,,,,,,,,,,,,,,,,,,,,,,,,,,,,,,,,,,
,,,,,,,,,,,,,,,,,,,,,,,,,,,,,,,,,,,,,,,,,,,,
,,,,,,,,,,,,,,,,,,,,,,,,,,,,,,,,,,,,,,,,,,,,
,,,,,,,,,,,,,,,,,,,,,,,,,,,,,,,,,,,,,,,,,,,,
,,,,,,,,,,,,,,,,,,,,,,,,,,,,,,,,,,,,,,,,,,,,
,,,,,,,,,,,,,,,,,,,,,,,,,,,,,,,,,,,,,,,,,,,,
,,,,,,,,,,,,,,,,,,,,,,,,,,,,,,,,,,,,,,,,,,,,
,,,,,,,,,,,,,,,,,,,,,,,,,,,,,,,,,,,,,,,,,,,,
,,,,,,,,,,,,,,,,,,,,,,,,,,,,,,,,,,,,,,,,,,,,
,,,,,,,,,,,,,,,,,,,,,,,,,,,,,,,,,,,,,,,,,,,,
,,,,,,,,,,,,,,,,,,,,,,,,,,,,,,,,,,,,,,,,,,,,
,,,,,,,,,,,,,,,,,,,,,,,,,,,,,,,,,,,,,,,,,,,,
,,,,,,,,,,,,,,,,,,,,,,,,,,,,,,,,,,,,,,,,,,,,
,,,,,,,,,,,,,,,,,,,,,,,,,,,,,,,,,,,,,,,,,,,,
,,,,,,,,,,,,,,,,,,,,,,,,,,,,,,,,,,,,,,,,,,,,
,,,,,,,,,,,,,,,,,,,,,,,,,,,,,,,,,,,,,,,,,,,,
,,,,,,,,,,,,,,,,,,,,,,,,,,,,,,,,,,,,,,,,,,,,
,,,,,,,,,,,,,,,,,,,,,,,,,,,,,,,,,,,,,,,,,,,,
,,,,,,,,,,,,,,,,,,,,,,,,,,,,,,,,,,,,,,,,,,,,
,,,,,,,,,,,,,,,,,,,,,,,,,,,,,,,,,,,,,,,,,,,,
,,,,,,,,,,,,,,,,,,,,,,,,,,,,,,,,,,,,,,,,,,,,
,,,,,,,,,,,,,,,,,,,,,,,,,,,,,,,,,,,,,,,,,,,,
,,,,,,,,,,,,,,,,,,,,,,,,,,,,,,,,,,,,,,,,,,,,
,,,,,,,,,,,,,,,,,,,,,,,,,,,,,,,,,,,,,,,,,,,,
,,,,,,,,,,,,,,,,,,,,,,,,,,,,,,,,,,,,,,,,,,,,
,,,,,,,,,,,,,,,,,,,,,,,,,,,,,,,,,,,,,,,,,,,,
,,,,,,,,,,,,,,,,,,,,,,,,,,,,,,,,,,,,,,,,,,,,
,,,,,,,,,,,,,,,,,,,,,,,,,,,,,,,,,,,,,,,,,,,,
,,,,,,,,,,,,,,,,,,,,,,,,,,,,,,,,,,,,,,,,,,,,
,,,,,,,,,,,,,,,,,,,,,,,,,,,,,,,,,,,,,,,,,,,,
,,,,,,,,,,,,,,,,,,,,,,,,,,,,,,,,,,,,,,,,,,,,
,,,,,,,,,,,,,,,,,,,,,,,,,,,,,,,,,,,,,,,,,,,,
,,,,,,,,,,,,,,,,,,,,,,,,,,,,,,,,,,,,,,,,,,,,
,,,,,,,,,,,,,,,,,,,,,,,,,,,,,,,,,,,,,,,,,,,,
,,,,,,,,,,,,,,,,,,,,,,,,,,,,,,,,,,,,,,,,,,,,
,,,,,,,,,,,,,,,,,,,,,,,,,,,,,,,,,,,,,,,,,,,,
,,,,,,,,,,,,,,,,,,,,,,,,,,,,,,,,,,,,,,,,,,,,
,,,,,,,,,,,,,,,,,,,,,,,,,,,,,,,,,,,,,,,,,,,,
,,,,,,,,,,,,,,,,,,,,,,,,,,,,,,,,,,,,,,,,,,,,
,,,,,,,,,,,,,,,,,,,,,,,,,,,,,,,,,,,,,,,,,,,,
,,,,,,,,,,,,,,,,,,,,,,,,,,,,,,,,,,,,,,,,,,,,
,,,,,,,,,,,,,,,,,,,,,,,,,,,,,,,,,,,,,,,,,,,,
,,,,,,,,,,,,,,,,,,,,,,,,,,,,,,,,,,,,,,,,,,,,
,,,,,,,,,,,,,,,,,,,,,,,,,,,,,,,,,,,,,,,,,,,,
,,,,,,,,,,,,,,,,,,,,,,,,,,,,,,,,,,,,,,,,,,,,
,,,,,,,,,,,,,,,,,,,,,,,,,,,,,,,,,,,,,,,,,,,,
,,,,,,,,,,,,,,,,,,,,,,,,,,,,,,,,,,,,,,,,,,,,
,,,,,,,,,,,,,,,,,,,,,,,,,,,,,,,,,,,,,,,,,,,,
,,,,,,,,,,,,,,,,,,,,,,,,,,,,,,,,,,,,,,,,,,,,
,,,,,,,,,,,,,,,,,,,,,,,,,,,,,,,,,,,,,,,,,,,,
,,,,,,,,,,,,,,,,,,,,,,,,,,,,,,,,,,,,,,,,,,,,
,,,,,,,,,,,,,,,,,,,,,,,,,,,,,,,,,,,,,,,,,,,,
,,,,,,,,,,,,,,,,,,,,,,,,,,,,,,,,,,,,,,,,,,,,
,,,,,,,,,,,,,,,,,,,,,,,,,,,,,,,,,,,,,,,,,,,,
,,,,,,,,,,,,,,,,,,,,,,,,,,,,,,,,,,,,,,,,,,,,
,,,,,,,,,,,,,,,,,,,,,,,,,,,,,,,,,,,,,,,,,,,,
,,,,,,,,,,,,,,,,,,,,,,,,,,,,,,,,,,,,,,,,,,,,
,,,,,,,,,,,,,,,,,,,,,,,,,,,,,,,,,,,,,,,,,,,,
,,,,,,,,,,,,,,,,,,,,,,,,,,,,,,,,,,,,,,,,,,,,
,,,,,,,,,,,,,,,,,,,,,,,,,,,,,,,,,,,,,,,,,,,,
,,,,,,,,,,,,,,,,,,,,,,,,,,,,,,,,,,,,,,,,,,,,
,,,,,,,,,,,,,,,,,,,,,,,,,,,,,,,,,,,,,,,,,,,,
,,,,,,,,,,,,,,,,,,,,,,,,,,,,,,,,,,,,,,,,,,,,
,,,,,,,,,,,,,,,,,,,,,,,,,,,,,,,,,,,,,,,,,,,,
,,,,,,,,,,,,,,,,,,,,,,,,,,,,,,,,,,,,,,,,,,,,
,,,,,,,,,,,,,,,,,,,,,,,,,,,,,,,,,,,,,,,,,,,,
,,,,,,,,,,,,,,,,,,,,,,,,,,,,,,,,,,,,,,,,,,,,
,,,,,,,,,,,,,,,,,,,,,,,,,,,,,,,,,,,,,,,,,,,,
,,,,,,,,,,,,,,,,,,,,,,,,,,,,,,,,,,,,,,,,,,,,
,,,,,,,,,,,,,,,,,,,,,,,,,,,,,,,,,,,,,,,,,,,,
,,,,,,,,,,,,,,,,,,,,,,,,,,,,,,,,,,,,,,,,,,,,
,,,,,,,,,,,,,,,,,,,,,,,,,,,,,,,,,,,,,,,,,,,,
,,,,,,,,,,,,,,,,,,,,,,,,,,,,,,,,,,,,,,,,,,,,
,,,,,,,,,,,,,,,,,,,,,,,,,,,,,,,,,,,,,,,,,,,,
,,,,,,,,,,,,,,,,,,,,,,,,,,,,,,,,,,,,,,,,,,,,
,,,,,,,,,,,,,,,,,,,,,,,,,,,,,,,,,,,,,,,,,,,,
,,,,,,,,,,,,,,,,,,,,,,,,,,,,,,,,,,,,,,,,,,,,
,,,,,,,,,,,,,,,,,,,,,,,,,,,,,,,,,,,,,,,,,,,,
,,,,,,,,,,,,,,,,,,,,,,,,,,,,,,,,,,,,,,,,,,,,
,,,,,,,,,,,,,,,,,,,,,,,,,,,,,,,,,,,,,,,,,,,,
,,,,,,,,,,,,,,,,,,,,,,,,,,,,,,,,,,,,,,,,,,,,
